ISO-10303-21;
HEADER;
/* Generated by software containing ST-Developer
 * from STEP Tools, Inc. (www.steptools.com) 
 */

FILE_DESCRIPTION(
/* description */ (''),
/* implementation_level */ '2;1');

FILE_NAME(
/* name */ 'Whole_case.step',
/* time_stamp */ '2026-08-23T00:16:50+06:00',
/* author */ (''),
/* organization */ (''),
/* preprocessor_version */ 'ST-DEVELOPER v20.1',
/* originating_system */ 'Autodesk Translation Framework v15.8.0.0',
/* authorisation */ '');

FILE_SCHEMA (('AUTOMOTIVE_DESIGN { 1 0 10303 214 3 1 1 }'));
ENDSEC;

DATA;
#10=MECHANICAL_DESIGN_GEOMETRIC_PRESENTATION_REPRESENTATION('',(#18,#19,
#20),#4986);
#11=SHAPE_REPRESENTATION_RELATIONSHIP('SRR','None',#4993,#12);
#12=ADVANCED_BREP_SHAPE_REPRESENTATION('',(#21,#22,#23),#4985);
#13=CONICAL_SURFACE('',#3173,0.0475,1.02974425867665);
#14=CONICAL_SURFACE('',#3181,0.0475,1.02974425867665);
#15=CONICAL_SURFACE('',#3189,0.0475,1.02974425867665);
#16=CONICAL_SURFACE('',#3198,0.0475,1.02974425867665);
#17=CONICAL_SURFACE('',#3212,0.0475,1.02974425867665);
#18=STYLED_ITEM('',(#5002),#21);
#19=STYLED_ITEM('',(#5002),#22);
#20=STYLED_ITEM('',(#5002),#23);
#21=MANIFOLD_SOLID_BREP('Body1',#3103);
#22=MANIFOLD_SOLID_BREP('Body2',#3104);
#23=MANIFOLD_SOLID_BREP('Body3',#3105);
#24=FACE_BOUND('',#404,.T.);
#25=FACE_BOUND('',#405,.T.);
#26=FACE_BOUND('',#406,.T.);
#27=FACE_BOUND('',#407,.T.);
#28=FACE_BOUND('',#415,.T.);
#29=FACE_BOUND('',#417,.T.);
#30=FACE_BOUND('',#422,.T.);
#31=FACE_BOUND('',#427,.T.);
#32=FACE_BOUND('',#431,.T.);
#33=FACE_BOUND('',#432,.T.);
#34=FACE_BOUND('',#433,.T.);
#35=FACE_BOUND('',#434,.T.);
#36=FACE_BOUND('',#435,.T.);
#37=FACE_BOUND('',#446,.T.);
#38=FACE_BOUND('',#451,.T.);
#39=FACE_BOUND('',#456,.T.);
#40=FACE_BOUND('',#457,.T.);
#41=FACE_BOUND('',#462,.T.);
#42=FACE_BOUND('',#466,.T.);
#43=FACE_BOUND('',#469,.T.);
#44=FACE_BOUND('',#473,.T.);
#45=FACE_BOUND('',#476,.T.);
#46=FACE_BOUND('',#478,.T.);
#47=FACE_BOUND('',#481,.T.);
#48=FACE_BOUND('',#483,.T.);
#49=FACE_BOUND('',#486,.T.);
#50=FACE_BOUND('',#496,.T.);
#51=FACE_BOUND('',#497,.T.);
#52=FACE_BOUND('',#498,.T.);
#53=FACE_BOUND('',#499,.T.);
#54=FACE_BOUND('',#500,.T.);
#55=FACE_BOUND('',#501,.T.);
#56=FACE_BOUND('',#502,.T.);
#57=FACE_BOUND('',#503,.T.);
#58=FACE_BOUND('',#594,.T.);
#59=FACE_BOUND('',#595,.T.);
#60=FACE_BOUND('',#596,.T.);
#61=FACE_BOUND('',#597,.T.);
#62=FACE_BOUND('',#598,.T.);
#63=FACE_BOUND('',#599,.T.);
#64=FACE_BOUND('',#600,.T.);
#65=FACE_BOUND('',#601,.T.);
#66=FACE_BOUND('',#602,.T.);
#67=FACE_BOUND('',#603,.T.);
#68=FACE_BOUND('',#604,.T.);
#69=FACE_BOUND('',#605,.T.);
#70=FACE_BOUND('',#606,.T.);
#71=FACE_BOUND('',#607,.T.);
#72=FACE_BOUND('',#608,.T.);
#73=FACE_BOUND('',#609,.T.);
#74=FACE_BOUND('',#610,.T.);
#75=FACE_BOUND('',#611,.T.);
#76=FACE_BOUND('',#612,.T.);
#77=FACE_BOUND('',#613,.T.);
#78=FACE_BOUND('',#614,.T.);
#79=FACE_BOUND('',#616,.T.);
#80=FACE_BOUND('',#617,.T.);
#81=FACE_BOUND('',#618,.T.);
#82=FACE_BOUND('',#619,.T.);
#83=FACE_BOUND('',#620,.T.);
#84=FACE_BOUND('',#621,.T.);
#85=FACE_BOUND('',#622,.T.);
#86=FACE_BOUND('',#623,.T.);
#87=FACE_BOUND('',#624,.T.);
#88=FACE_BOUND('',#625,.T.);
#89=FACE_BOUND('',#626,.T.);
#90=FACE_BOUND('',#627,.T.);
#91=FACE_BOUND('',#628,.T.);
#92=FACE_BOUND('',#629,.T.);
#93=FACE_BOUND('',#630,.T.);
#94=FACE_BOUND('',#631,.T.);
#95=FACE_BOUND('',#632,.T.);
#96=FACE_BOUND('',#633,.T.);
#97=FACE_BOUND('',#634,.T.);
#98=FACE_BOUND('',#635,.T.);
#99=FACE_BOUND('',#636,.T.);
#100=PLANE('',#3128);
#101=PLANE('',#3137);
#102=PLANE('',#3138);
#103=PLANE('',#3139);
#104=PLANE('',#3140);
#105=PLANE('',#3141);
#106=PLANE('',#3142);
#107=PLANE('',#3143);
#108=PLANE('',#3144);
#109=PLANE('',#3145);
#110=PLANE('',#3146);
#111=PLANE('',#3147);
#112=PLANE('',#3148);
#113=PLANE('',#3149);
#114=PLANE('',#3150);
#115=PLANE('',#3151);
#116=PLANE('',#3152);
#117=PLANE('',#3153);
#118=PLANE('',#3154);
#119=PLANE('',#3155);
#120=PLANE('',#3156);
#121=PLANE('',#3160);
#122=PLANE('',#3164);
#123=PLANE('',#3168);
#124=PLANE('',#3172);
#125=PLANE('',#3175);
#126=PLANE('',#3183);
#127=PLANE('',#3191);
#128=PLANE('',#3200);
#129=PLANE('',#3206);
#130=PLANE('',#3211);
#131=PLANE('',#3215);
#132=PLANE('',#3220);
#133=PLANE('',#3221);
#134=PLANE('',#3226);
#135=PLANE('',#3227);
#136=PLANE('',#3232);
#137=PLANE('',#3241);
#138=PLANE('',#3242);
#139=PLANE('',#3243);
#140=PLANE('',#3244);
#141=PLANE('',#3245);
#142=PLANE('',#3246);
#143=PLANE('',#3247);
#144=PLANE('',#3248);
#145=PLANE('',#3249);
#146=PLANE('',#3250);
#147=PLANE('',#3251);
#148=PLANE('',#3252);
#149=PLANE('',#3253);
#150=PLANE('',#3254);
#151=PLANE('',#3255);
#152=PLANE('',#3256);
#153=PLANE('',#3257);
#154=PLANE('',#3258);
#155=PLANE('',#3259);
#156=PLANE('',#3260);
#157=PLANE('',#3261);
#158=PLANE('',#3262);
#159=PLANE('',#3263);
#160=PLANE('',#3264);
#161=PLANE('',#3265);
#162=PLANE('',#3266);
#163=PLANE('',#3267);
#164=PLANE('',#3268);
#165=PLANE('',#3269);
#166=PLANE('',#3270);
#167=PLANE('',#3271);
#168=PLANE('',#3272);
#169=PLANE('',#3273);
#170=PLANE('',#3274);
#171=PLANE('',#3275);
#172=PLANE('',#3276);
#173=PLANE('',#3277);
#174=PLANE('',#3278);
#175=PLANE('',#3279);
#176=PLANE('',#3280);
#177=PLANE('',#3281);
#178=PLANE('',#3282);
#179=PLANE('',#3283);
#180=PLANE('',#3284);
#181=PLANE('',#3285);
#182=PLANE('',#3286);
#183=PLANE('',#3287);
#184=PLANE('',#3288);
#185=PLANE('',#3289);
#186=PLANE('',#3290);
#187=PLANE('',#3291);
#188=PLANE('',#3292);
#189=PLANE('',#3293);
#190=PLANE('',#3294);
#191=PLANE('',#3295);
#192=PLANE('',#3296);
#193=PLANE('',#3297);
#194=PLANE('',#3298);
#195=PLANE('',#3299);
#196=PLANE('',#3300);
#197=PLANE('',#3301);
#198=PLANE('',#3302);
#199=PLANE('',#3303);
#200=PLANE('',#3304);
#201=PLANE('',#3305);
#202=PLANE('',#3306);
#203=PLANE('',#3307);
#204=PLANE('',#3308);
#205=PLANE('',#3309);
#206=PLANE('',#3310);
#207=PLANE('',#3311);
#208=PLANE('',#3312);
#209=PLANE('',#3313);
#210=PLANE('',#3314);
#211=PLANE('',#3315);
#212=PLANE('',#3316);
#213=PLANE('',#3317);
#214=PLANE('',#3318);
#215=PLANE('',#3319);
#216=PLANE('',#3320);
#217=PLANE('',#3321);
#218=PLANE('',#3322);
#219=PLANE('',#3323);
#220=PLANE('',#3324);
#221=PLANE('',#3325);
#222=PLANE('',#3326);
#223=PLANE('',#3327);
#224=PLANE('',#3328);
#225=PLANE('',#3329);
#226=PLANE('',#3330);
#227=PLANE('',#3331);
#228=PLANE('',#3332);
#229=PLANE('',#3333);
#230=PLANE('',#3334);
#231=PLANE('',#3335);
#232=PLANE('',#3336);
#233=FACE_OUTER_BOUND('',#397,.T.);
#234=FACE_OUTER_BOUND('',#398,.T.);
#235=FACE_OUTER_BOUND('',#399,.T.);
#236=FACE_OUTER_BOUND('',#400,.T.);
#237=FACE_OUTER_BOUND('',#401,.T.);
#238=FACE_OUTER_BOUND('',#402,.T.);
#239=FACE_OUTER_BOUND('',#403,.T.);
#240=FACE_OUTER_BOUND('',#408,.T.);
#241=FACE_OUTER_BOUND('',#409,.T.);
#242=FACE_OUTER_BOUND('',#410,.T.);
#243=FACE_OUTER_BOUND('',#411,.T.);
#244=FACE_OUTER_BOUND('',#412,.T.);
#245=FACE_OUTER_BOUND('',#413,.T.);
#246=FACE_OUTER_BOUND('',#414,.T.);
#247=FACE_OUTER_BOUND('',#416,.T.);
#248=FACE_OUTER_BOUND('',#418,.T.);
#249=FACE_OUTER_BOUND('',#419,.T.);
#250=FACE_OUTER_BOUND('',#420,.T.);
#251=FACE_OUTER_BOUND('',#421,.T.);
#252=FACE_OUTER_BOUND('',#423,.T.);
#253=FACE_OUTER_BOUND('',#424,.T.);
#254=FACE_OUTER_BOUND('',#425,.T.);
#255=FACE_OUTER_BOUND('',#426,.T.);
#256=FACE_OUTER_BOUND('',#428,.T.);
#257=FACE_OUTER_BOUND('',#429,.T.);
#258=FACE_OUTER_BOUND('',#430,.T.);
#259=FACE_OUTER_BOUND('',#436,.T.);
#260=FACE_OUTER_BOUND('',#437,.T.);
#261=FACE_OUTER_BOUND('',#438,.T.);
#262=FACE_OUTER_BOUND('',#439,.T.);
#263=FACE_OUTER_BOUND('',#440,.T.);
#264=FACE_OUTER_BOUND('',#441,.T.);
#265=FACE_OUTER_BOUND('',#442,.T.);
#266=FACE_OUTER_BOUND('',#443,.T.);
#267=FACE_OUTER_BOUND('',#444,.T.);
#268=FACE_OUTER_BOUND('',#445,.T.);
#269=FACE_OUTER_BOUND('',#447,.T.);
#270=FACE_OUTER_BOUND('',#448,.T.);
#271=FACE_OUTER_BOUND('',#449,.T.);
#272=FACE_OUTER_BOUND('',#450,.T.);
#273=FACE_OUTER_BOUND('',#452,.T.);
#274=FACE_OUTER_BOUND('',#453,.T.);
#275=FACE_OUTER_BOUND('',#454,.T.);
#276=FACE_OUTER_BOUND('',#455,.T.);
#277=FACE_OUTER_BOUND('',#458,.T.);
#278=FACE_OUTER_BOUND('',#459,.T.);
#279=FACE_OUTER_BOUND('',#460,.T.);
#280=FACE_OUTER_BOUND('',#461,.T.);
#281=FACE_OUTER_BOUND('',#463,.T.);
#282=FACE_OUTER_BOUND('',#464,.T.);
#283=FACE_OUTER_BOUND('',#465,.T.);
#284=FACE_OUTER_BOUND('',#467,.T.);
#285=FACE_OUTER_BOUND('',#468,.T.);
#286=FACE_OUTER_BOUND('',#470,.T.);
#287=FACE_OUTER_BOUND('',#471,.T.);
#288=FACE_OUTER_BOUND('',#472,.T.);
#289=FACE_OUTER_BOUND('',#474,.T.);
#290=FACE_OUTER_BOUND('',#475,.T.);
#291=FACE_OUTER_BOUND('',#477,.T.);
#292=FACE_OUTER_BOUND('',#479,.T.);
#293=FACE_OUTER_BOUND('',#480,.T.);
#294=FACE_OUTER_BOUND('',#482,.T.);
#295=FACE_OUTER_BOUND('',#484,.T.);
#296=FACE_OUTER_BOUND('',#485,.T.);
#297=FACE_OUTER_BOUND('',#487,.T.);
#298=FACE_OUTER_BOUND('',#488,.T.);
#299=FACE_OUTER_BOUND('',#489,.T.);
#300=FACE_OUTER_BOUND('',#490,.T.);
#301=FACE_OUTER_BOUND('',#491,.T.);
#302=FACE_OUTER_BOUND('',#492,.T.);
#303=FACE_OUTER_BOUND('',#493,.T.);
#304=FACE_OUTER_BOUND('',#494,.T.);
#305=FACE_OUTER_BOUND('',#495,.T.);
#306=FACE_OUTER_BOUND('',#504,.T.);
#307=FACE_OUTER_BOUND('',#505,.T.);
#308=FACE_OUTER_BOUND('',#506,.T.);
#309=FACE_OUTER_BOUND('',#507,.T.);
#310=FACE_OUTER_BOUND('',#508,.T.);
#311=FACE_OUTER_BOUND('',#509,.T.);
#312=FACE_OUTER_BOUND('',#510,.T.);
#313=FACE_OUTER_BOUND('',#511,.T.);
#314=FACE_OUTER_BOUND('',#512,.T.);
#315=FACE_OUTER_BOUND('',#513,.T.);
#316=FACE_OUTER_BOUND('',#514,.T.);
#317=FACE_OUTER_BOUND('',#515,.T.);
#318=FACE_OUTER_BOUND('',#516,.T.);
#319=FACE_OUTER_BOUND('',#517,.T.);
#320=FACE_OUTER_BOUND('',#518,.T.);
#321=FACE_OUTER_BOUND('',#519,.T.);
#322=FACE_OUTER_BOUND('',#520,.T.);
#323=FACE_OUTER_BOUND('',#521,.T.);
#324=FACE_OUTER_BOUND('',#522,.T.);
#325=FACE_OUTER_BOUND('',#523,.T.);
#326=FACE_OUTER_BOUND('',#524,.T.);
#327=FACE_OUTER_BOUND('',#525,.T.);
#328=FACE_OUTER_BOUND('',#526,.T.);
#329=FACE_OUTER_BOUND('',#527,.T.);
#330=FACE_OUTER_BOUND('',#528,.T.);
#331=FACE_OUTER_BOUND('',#529,.T.);
#332=FACE_OUTER_BOUND('',#530,.T.);
#333=FACE_OUTER_BOUND('',#531,.T.);
#334=FACE_OUTER_BOUND('',#532,.T.);
#335=FACE_OUTER_BOUND('',#533,.T.);
#336=FACE_OUTER_BOUND('',#534,.T.);
#337=FACE_OUTER_BOUND('',#535,.T.);
#338=FACE_OUTER_BOUND('',#536,.T.);
#339=FACE_OUTER_BOUND('',#537,.T.);
#340=FACE_OUTER_BOUND('',#538,.T.);
#341=FACE_OUTER_BOUND('',#539,.T.);
#342=FACE_OUTER_BOUND('',#540,.T.);
#343=FACE_OUTER_BOUND('',#541,.T.);
#344=FACE_OUTER_BOUND('',#542,.T.);
#345=FACE_OUTER_BOUND('',#543,.T.);
#346=FACE_OUTER_BOUND('',#544,.T.);
#347=FACE_OUTER_BOUND('',#545,.T.);
#348=FACE_OUTER_BOUND('',#546,.T.);
#349=FACE_OUTER_BOUND('',#547,.T.);
#350=FACE_OUTER_BOUND('',#548,.T.);
#351=FACE_OUTER_BOUND('',#549,.T.);
#352=FACE_OUTER_BOUND('',#550,.T.);
#353=FACE_OUTER_BOUND('',#551,.T.);
#354=FACE_OUTER_BOUND('',#552,.T.);
#355=FACE_OUTER_BOUND('',#553,.T.);
#356=FACE_OUTER_BOUND('',#554,.T.);
#357=FACE_OUTER_BOUND('',#555,.T.);
#358=FACE_OUTER_BOUND('',#556,.T.);
#359=FACE_OUTER_BOUND('',#557,.T.);
#360=FACE_OUTER_BOUND('',#558,.T.);
#361=FACE_OUTER_BOUND('',#559,.T.);
#362=FACE_OUTER_BOUND('',#560,.T.);
#363=FACE_OUTER_BOUND('',#561,.T.);
#364=FACE_OUTER_BOUND('',#562,.T.);
#365=FACE_OUTER_BOUND('',#563,.T.);
#366=FACE_OUTER_BOUND('',#564,.T.);
#367=FACE_OUTER_BOUND('',#565,.T.);
#368=FACE_OUTER_BOUND('',#566,.T.);
#369=FACE_OUTER_BOUND('',#567,.T.);
#370=FACE_OUTER_BOUND('',#568,.T.);
#371=FACE_OUTER_BOUND('',#569,.T.);
#372=FACE_OUTER_BOUND('',#570,.T.);
#373=FACE_OUTER_BOUND('',#571,.T.);
#374=FACE_OUTER_BOUND('',#572,.T.);
#375=FACE_OUTER_BOUND('',#573,.T.);
#376=FACE_OUTER_BOUND('',#574,.T.);
#377=FACE_OUTER_BOUND('',#575,.T.);
#378=FACE_OUTER_BOUND('',#576,.T.);
#379=FACE_OUTER_BOUND('',#577,.T.);
#380=FACE_OUTER_BOUND('',#578,.T.);
#381=FACE_OUTER_BOUND('',#579,.T.);
#382=FACE_OUTER_BOUND('',#580,.T.);
#383=FACE_OUTER_BOUND('',#581,.T.);
#384=FACE_OUTER_BOUND('',#582,.T.);
#385=FACE_OUTER_BOUND('',#583,.T.);
#386=FACE_OUTER_BOUND('',#584,.T.);
#387=FACE_OUTER_BOUND('',#585,.T.);
#388=FACE_OUTER_BOUND('',#586,.T.);
#389=FACE_OUTER_BOUND('',#587,.T.);
#390=FACE_OUTER_BOUND('',#588,.T.);
#391=FACE_OUTER_BOUND('',#589,.T.);
#392=FACE_OUTER_BOUND('',#590,.T.);
#393=FACE_OUTER_BOUND('',#591,.T.);
#394=FACE_OUTER_BOUND('',#592,.T.);
#395=FACE_OUTER_BOUND('',#593,.T.);
#396=FACE_OUTER_BOUND('',#615,.T.);
#397=EDGE_LOOP('',(#2091,#2092,#2093,#2094));
#398=EDGE_LOOP('',(#2095,#2096,#2097,#2098));
#399=EDGE_LOOP('',(#2099,#2100,#2101,#2102));
#400=EDGE_LOOP('',(#2103,#2104,#2105));
#401=EDGE_LOOP('',(#2106,#2107,#2108,#2109,#2110,#2111));
#402=EDGE_LOOP('',(#2112,#2113,#2114,#2115));
#403=EDGE_LOOP('',(#2116,#2117,#2118,#2119));
#404=EDGE_LOOP('',(#2120));
#405=EDGE_LOOP('',(#2121));
#406=EDGE_LOOP('',(#2122,#2123,#2124,#2125,#2126,#2127));
#407=EDGE_LOOP('',(#2128));
#408=EDGE_LOOP('',(#2129,#2130,#2131,#2132));
#409=EDGE_LOOP('',(#2133,#2134,#2135,#2136,#2137));
#410=EDGE_LOOP('',(#2138,#2139,#2140,#2141));
#411=EDGE_LOOP('',(#2142,#2143,#2144,#2145));
#412=EDGE_LOOP('',(#2146,#2147,#2148,#2149,#2150));
#413=EDGE_LOOP('',(#2151,#2152,#2153,#2154));
#414=EDGE_LOOP('',(#2155,#2156,#2157,#2158));
#415=EDGE_LOOP('',(#2159,#2160,#2161,#2162));
#416=EDGE_LOOP('',(#2163,#2164,#2165,#2166));
#417=EDGE_LOOP('',(#2167,#2168,#2169,#2170));
#418=EDGE_LOOP('',(#2171,#2172,#2173,#2174));
#419=EDGE_LOOP('',(#2175,#2176,#2177,#2178));
#420=EDGE_LOOP('',(#2179,#2180,#2181,#2182));
#421=EDGE_LOOP('',(#2183,#2184,#2185,#2186));
#422=EDGE_LOOP('',(#2187));
#423=EDGE_LOOP('',(#2188,#2189,#2190,#2191));
#424=EDGE_LOOP('',(#2192,#2193,#2194,#2195));
#425=EDGE_LOOP('',(#2196,#2197,#2198,#2199));
#426=EDGE_LOOP('',(#2200,#2201,#2202,#2203));
#427=EDGE_LOOP('',(#2204));
#428=EDGE_LOOP('',(#2205,#2206,#2207,#2208));
#429=EDGE_LOOP('',(#2209,#2210,#2211,#2212));
#430=EDGE_LOOP('',(#2213,#2214,#2215,#2216));
#431=EDGE_LOOP('',(#2217));
#432=EDGE_LOOP('',(#2218));
#433=EDGE_LOOP('',(#2219));
#434=EDGE_LOOP('',(#2220));
#435=EDGE_LOOP('',(#2221,#2222,#2223,#2224));
#436=EDGE_LOOP('',(#2225,#2226,#2227,#2228));
#437=EDGE_LOOP('',(#2229));
#438=EDGE_LOOP('',(#2230,#2231,#2232,#2233));
#439=EDGE_LOOP('',(#2234));
#440=EDGE_LOOP('',(#2235,#2236,#2237,#2238));
#441=EDGE_LOOP('',(#2239));
#442=EDGE_LOOP('',(#2240,#2241,#2242,#2243));
#443=EDGE_LOOP('',(#2244));
#444=EDGE_LOOP('',(#2245,#2246,#2247));
#445=EDGE_LOOP('',(#2248));
#446=EDGE_LOOP('',(#2249));
#447=EDGE_LOOP('',(#2250,#2251,#2252,#2253));
#448=EDGE_LOOP('',(#2254,#2255,#2256,#2257));
#449=EDGE_LOOP('',(#2258,#2259,#2260));
#450=EDGE_LOOP('',(#2261));
#451=EDGE_LOOP('',(#2262));
#452=EDGE_LOOP('',(#2263,#2264,#2265,#2266));
#453=EDGE_LOOP('',(#2267,#2268,#2269,#2270));
#454=EDGE_LOOP('',(#2271,#2272,#2273));
#455=EDGE_LOOP('',(#2274));
#456=EDGE_LOOP('',(#2275));
#457=EDGE_LOOP('',(#2276));
#458=EDGE_LOOP('',(#2277,#2278,#2279,#2280));
#459=EDGE_LOOP('',(#2281,#2282,#2283,#2284));
#460=EDGE_LOOP('',(#2285,#2286,#2287));
#461=EDGE_LOOP('',(#2288));
#462=EDGE_LOOP('',(#2289));
#463=EDGE_LOOP('',(#2290,#2291,#2292,#2293));
#464=EDGE_LOOP('',(#2294,#2295,#2296,#2297));
#465=EDGE_LOOP('',(#2298));
#466=EDGE_LOOP('',(#2299));
#467=EDGE_LOOP('',(#2300,#2301,#2302,#2303));
#468=EDGE_LOOP('',(#2304));
#469=EDGE_LOOP('',(#2305));
#470=EDGE_LOOP('',(#2306,#2307,#2308));
#471=EDGE_LOOP('',(#2309,#2310,#2311,#2312));
#472=EDGE_LOOP('',(#2313));
#473=EDGE_LOOP('',(#2314));
#474=EDGE_LOOP('',(#2315,#2316,#2317,#2318));
#475=EDGE_LOOP('',(#2319));
#476=EDGE_LOOP('',(#2320));
#477=EDGE_LOOP('',(#2321));
#478=EDGE_LOOP('',(#2322));
#479=EDGE_LOOP('',(#2323,#2324,#2325,#2326));
#480=EDGE_LOOP('',(#2327));
#481=EDGE_LOOP('',(#2328));
#482=EDGE_LOOP('',(#2329));
#483=EDGE_LOOP('',(#2330));
#484=EDGE_LOOP('',(#2331,#2332,#2333,#2334));
#485=EDGE_LOOP('',(#2335));
#486=EDGE_LOOP('',(#2336));
#487=EDGE_LOOP('',(#2337,#2338,#2339,#2340));
#488=EDGE_LOOP('',(#2341,#2342,#2343,#2344));
#489=EDGE_LOOP('',(#2345,#2346,#2347,#2348));
#490=EDGE_LOOP('',(#2349,#2350,#2351,#2352));
#491=EDGE_LOOP('',(#2353,#2354,#2355,#2356));
#492=EDGE_LOOP('',(#2357,#2358,#2359,#2360));
#493=EDGE_LOOP('',(#2361,#2362,#2363,#2364));
#494=EDGE_LOOP('',(#2365,#2366,#2367,#2368));
#495=EDGE_LOOP('',(#2369,#2370,#2371,#2372));
#496=EDGE_LOOP('',(#2373));
#497=EDGE_LOOP('',(#2374));
#498=EDGE_LOOP('',(#2375));
#499=EDGE_LOOP('',(#2376));
#500=EDGE_LOOP('',(#2377));
#501=EDGE_LOOP('',(#2378));
#502=EDGE_LOOP('',(#2379));
#503=EDGE_LOOP('',(#2380));
#504=EDGE_LOOP('',(#2381,#2382,#2383,#2384));
#505=EDGE_LOOP('',(#2385,#2386,#2387,#2388));
#506=EDGE_LOOP('',(#2389,#2390,#2391,#2392));
#507=EDGE_LOOP('',(#2393,#2394,#2395,#2396));
#508=EDGE_LOOP('',(#2397,#2398,#2399,#2400));
#509=EDGE_LOOP('',(#2401,#2402,#2403,#2404));
#510=EDGE_LOOP('',(#2405,#2406,#2407,#2408));
#511=EDGE_LOOP('',(#2409,#2410,#2411,#2412));
#512=EDGE_LOOP('',(#2413,#2414,#2415,#2416));
#513=EDGE_LOOP('',(#2417,#2418,#2419,#2420));
#514=EDGE_LOOP('',(#2421,#2422,#2423,#2424));
#515=EDGE_LOOP('',(#2425,#2426,#2427,#2428));
#516=EDGE_LOOP('',(#2429,#2430,#2431,#2432));
#517=EDGE_LOOP('',(#2433,#2434,#2435,#2436));
#518=EDGE_LOOP('',(#2437,#2438,#2439,#2440));
#519=EDGE_LOOP('',(#2441,#2442,#2443,#2444));
#520=EDGE_LOOP('',(#2445,#2446,#2447,#2448));
#521=EDGE_LOOP('',(#2449,#2450,#2451,#2452));
#522=EDGE_LOOP('',(#2453,#2454,#2455,#2456));
#523=EDGE_LOOP('',(#2457,#2458,#2459,#2460));
#524=EDGE_LOOP('',(#2461,#2462,#2463,#2464));
#525=EDGE_LOOP('',(#2465,#2466,#2467,#2468));
#526=EDGE_LOOP('',(#2469,#2470,#2471,#2472));
#527=EDGE_LOOP('',(#2473,#2474,#2475,#2476));
#528=EDGE_LOOP('',(#2477,#2478,#2479,#2480));
#529=EDGE_LOOP('',(#2481,#2482,#2483,#2484));
#530=EDGE_LOOP('',(#2485,#2486,#2487,#2488));
#531=EDGE_LOOP('',(#2489,#2490,#2491,#2492));
#532=EDGE_LOOP('',(#2493,#2494,#2495,#2496));
#533=EDGE_LOOP('',(#2497,#2498,#2499,#2500));
#534=EDGE_LOOP('',(#2501,#2502,#2503,#2504));
#535=EDGE_LOOP('',(#2505,#2506,#2507,#2508));
#536=EDGE_LOOP('',(#2509,#2510,#2511,#2512));
#537=EDGE_LOOP('',(#2513,#2514,#2515,#2516));
#538=EDGE_LOOP('',(#2517,#2518,#2519,#2520));
#539=EDGE_LOOP('',(#2521,#2522,#2523,#2524));
#540=EDGE_LOOP('',(#2525,#2526,#2527,#2528));
#541=EDGE_LOOP('',(#2529,#2530,#2531,#2532));
#542=EDGE_LOOP('',(#2533,#2534,#2535,#2536));
#543=EDGE_LOOP('',(#2537,#2538,#2539,#2540));
#544=EDGE_LOOP('',(#2541,#2542,#2543,#2544));
#545=EDGE_LOOP('',(#2545,#2546,#2547,#2548));
#546=EDGE_LOOP('',(#2549,#2550,#2551,#2552));
#547=EDGE_LOOP('',(#2553,#2554,#2555,#2556));
#548=EDGE_LOOP('',(#2557,#2558,#2559,#2560));
#549=EDGE_LOOP('',(#2561,#2562,#2563,#2564));
#550=EDGE_LOOP('',(#2565,#2566,#2567,#2568));
#551=EDGE_LOOP('',(#2569,#2570,#2571,#2572));
#552=EDGE_LOOP('',(#2573,#2574,#2575,#2576));
#553=EDGE_LOOP('',(#2577,#2578,#2579,#2580));
#554=EDGE_LOOP('',(#2581,#2582,#2583,#2584));
#555=EDGE_LOOP('',(#2585,#2586,#2587,#2588));
#556=EDGE_LOOP('',(#2589,#2590,#2591,#2592));
#557=EDGE_LOOP('',(#2593,#2594,#2595,#2596));
#558=EDGE_LOOP('',(#2597,#2598,#2599,#2600));
#559=EDGE_LOOP('',(#2601,#2602,#2603,#2604));
#560=EDGE_LOOP('',(#2605,#2606,#2607,#2608));
#561=EDGE_LOOP('',(#2609,#2610,#2611,#2612));
#562=EDGE_LOOP('',(#2613,#2614,#2615,#2616));
#563=EDGE_LOOP('',(#2617,#2618,#2619,#2620));
#564=EDGE_LOOP('',(#2621,#2622,#2623,#2624));
#565=EDGE_LOOP('',(#2625,#2626,#2627,#2628));
#566=EDGE_LOOP('',(#2629,#2630,#2631,#2632));
#567=EDGE_LOOP('',(#2633,#2634,#2635,#2636));
#568=EDGE_LOOP('',(#2637,#2638,#2639,#2640));
#569=EDGE_LOOP('',(#2641,#2642,#2643,#2644));
#570=EDGE_LOOP('',(#2645,#2646,#2647,#2648));
#571=EDGE_LOOP('',(#2649,#2650,#2651,#2652));
#572=EDGE_LOOP('',(#2653,#2654,#2655,#2656));
#573=EDGE_LOOP('',(#2657,#2658,#2659,#2660));
#574=EDGE_LOOP('',(#2661,#2662,#2663,#2664));
#575=EDGE_LOOP('',(#2665,#2666,#2667,#2668));
#576=EDGE_LOOP('',(#2669,#2670,#2671,#2672));
#577=EDGE_LOOP('',(#2673,#2674,#2675,#2676));
#578=EDGE_LOOP('',(#2677,#2678,#2679,#2680));
#579=EDGE_LOOP('',(#2681,#2682,#2683,#2684));
#580=EDGE_LOOP('',(#2685,#2686,#2687,#2688));
#581=EDGE_LOOP('',(#2689,#2690,#2691,#2692));
#582=EDGE_LOOP('',(#2693,#2694,#2695,#2696));
#583=EDGE_LOOP('',(#2697,#2698,#2699,#2700));
#584=EDGE_LOOP('',(#2701,#2702,#2703,#2704));
#585=EDGE_LOOP('',(#2705,#2706,#2707,#2708));
#586=EDGE_LOOP('',(#2709,#2710,#2711,#2712));
#587=EDGE_LOOP('',(#2713,#2714,#2715,#2716));
#588=EDGE_LOOP('',(#2717,#2718,#2719,#2720));
#589=EDGE_LOOP('',(#2721,#2722,#2723,#2724));
#590=EDGE_LOOP('',(#2725,#2726,#2727,#2728));
#591=EDGE_LOOP('',(#2729,#2730,#2731,#2732));
#592=EDGE_LOOP('',(#2733,#2734,#2735,#2736));
#593=EDGE_LOOP('',(#2737,#2738,#2739,#2740));
#594=EDGE_LOOP('',(#2741,#2742,#2743,#2744));
#595=EDGE_LOOP('',(#2745,#2746,#2747,#2748));
#596=EDGE_LOOP('',(#2749,#2750,#2751,#2752));
#597=EDGE_LOOP('',(#2753,#2754,#2755,#2756));
#598=EDGE_LOOP('',(#2757,#2758,#2759,#2760));
#599=EDGE_LOOP('',(#2761,#2762,#2763,#2764));
#600=EDGE_LOOP('',(#2765,#2766,#2767,#2768));
#601=EDGE_LOOP('',(#2769,#2770,#2771,#2772));
#602=EDGE_LOOP('',(#2773,#2774,#2775,#2776));
#603=EDGE_LOOP('',(#2777,#2778,#2779,#2780));
#604=EDGE_LOOP('',(#2781,#2782,#2783,#2784));
#605=EDGE_LOOP('',(#2785,#2786,#2787,#2788));
#606=EDGE_LOOP('',(#2789,#2790,#2791,#2792));
#607=EDGE_LOOP('',(#2793,#2794,#2795,#2796));
#608=EDGE_LOOP('',(#2797,#2798,#2799,#2800));
#609=EDGE_LOOP('',(#2801,#2802,#2803,#2804));
#610=EDGE_LOOP('',(#2805,#2806,#2807,#2808));
#611=EDGE_LOOP('',(#2809,#2810,#2811,#2812));
#612=EDGE_LOOP('',(#2813,#2814,#2815,#2816));
#613=EDGE_LOOP('',(#2817,#2818,#2819,#2820));
#614=EDGE_LOOP('',(#2821,#2822,#2823,#2824));
#615=EDGE_LOOP('',(#2825,#2826,#2827,#2828));
#616=EDGE_LOOP('',(#2829,#2830,#2831,#2832));
#617=EDGE_LOOP('',(#2833,#2834,#2835,#2836));
#618=EDGE_LOOP('',(#2837,#2838,#2839,#2840));
#619=EDGE_LOOP('',(#2841,#2842,#2843,#2844));
#620=EDGE_LOOP('',(#2845,#2846,#2847,#2848));
#621=EDGE_LOOP('',(#2849,#2850,#2851,#2852));
#622=EDGE_LOOP('',(#2853,#2854,#2855,#2856));
#623=EDGE_LOOP('',(#2857,#2858,#2859,#2860));
#624=EDGE_LOOP('',(#2861,#2862,#2863,#2864));
#625=EDGE_LOOP('',(#2865,#2866,#2867,#2868));
#626=EDGE_LOOP('',(#2869,#2870,#2871,#2872));
#627=EDGE_LOOP('',(#2873,#2874,#2875,#2876));
#628=EDGE_LOOP('',(#2877,#2878,#2879,#2880));
#629=EDGE_LOOP('',(#2881,#2882,#2883,#2884));
#630=EDGE_LOOP('',(#2885,#2886,#2887,#2888));
#631=EDGE_LOOP('',(#2889,#2890,#2891,#2892));
#632=EDGE_LOOP('',(#2893,#2894,#2895,#2896));
#633=EDGE_LOOP('',(#2897,#2898,#2899,#2900));
#634=EDGE_LOOP('',(#2901,#2902,#2903,#2904));
#635=EDGE_LOOP('',(#2905,#2906,#2907,#2908));
#636=EDGE_LOOP('',(#2909,#2910,#2911,#2912));
#637=LINE('',#4137,#994);
#638=LINE('',#4143,#995);
#639=LINE('',#4149,#996);
#640=LINE('',#4154,#997);
#641=LINE('',#4157,#998);
#642=LINE('',#4163,#999);
#643=LINE('',#4169,#1000);
#644=LINE('',#4174,#1001);
#645=LINE('',#4176,#1002);
#646=LINE('',#4178,#1003);
#647=LINE('',#4179,#1004);
#648=LINE('',#4181,#1005);
#649=LINE('',#4183,#1006);
#650=LINE('',#4185,#1007);
#651=LINE('',#4186,#1008);
#652=LINE('',#4189,#1009);
#653=LINE('',#4191,#1010);
#654=LINE('',#4192,#1011);
#655=LINE('',#4195,#1012);
#656=LINE('',#4196,#1013);
#657=LINE('',#4199,#1014);
#658=LINE('',#4201,#1015);
#659=LINE('',#4202,#1016);
#660=LINE('',#4205,#1017);
#661=LINE('',#4206,#1018);
#662=LINE('',#4209,#1019);
#663=LINE('',#4210,#1020);
#664=LINE('',#4212,#1021);
#665=LINE('',#4216,#1022);
#666=LINE('',#4218,#1023);
#667=LINE('',#4220,#1024);
#668=LINE('',#4221,#1025);
#669=LINE('',#4225,#1026);
#670=LINE('',#4227,#1027);
#671=LINE('',#4229,#1028);
#672=LINE('',#4230,#1029);
#673=LINE('',#4232,#1030);
#674=LINE('',#4233,#1031);
#675=LINE('',#4235,#1032);
#676=LINE('',#4240,#1033);
#677=LINE('',#4241,#1034);
#678=LINE('',#4242,#1035);
#679=LINE('',#4245,#1036);
#680=LINE('',#4246,#1037);
#681=LINE('',#4249,#1038);
#682=LINE('',#4250,#1039);
#683=LINE('',#4252,#1040);
#684=LINE('',#4256,#1041);
#685=LINE('',#4257,#1042);
#686=LINE('',#4258,#1043);
#687=LINE('',#4261,#1044);
#688=LINE('',#4262,#1045);
#689=LINE('',#4265,#1046);
#690=LINE('',#4266,#1047);
#691=LINE('',#4268,#1048);
#692=LINE('',#4274,#1049);
#693=LINE('',#4281,#1050);
#694=LINE('',#4288,#1051);
#695=LINE('',#4295,#1052);
#696=LINE('',#4302,#1053);
#697=LINE('',#4311,#1054);
#698=LINE('',#4313,#1055);
#699=LINE('',#4318,#1056);
#700=LINE('',#4327,#1057);
#701=LINE('',#4329,#1058);
#702=LINE('',#4334,#1059);
#703=LINE('',#4345,#1060);
#704=LINE('',#4347,#1061);
#705=LINE('',#4352,#1062);
#706=LINE('',#4361,#1063);
#707=LINE('',#4363,#1064);
#708=LINE('',#4372,#1065);
#709=LINE('',#4378,#1066);
#710=LINE('',#4380,#1067);
#711=LINE('',#4389,#1068);
#712=LINE('',#4399,#1069);
#713=LINE('',#4409,#1070);
#714=LINE('',#4413,#1071);
#715=LINE('',#4417,#1072);
#716=LINE('',#4421,#1073);
#717=LINE('',#4425,#1074);
#718=LINE('',#4430,#1075);
#719=LINE('',#4432,#1076);
#720=LINE('',#4434,#1077);
#721=LINE('',#4435,#1078);
#722=LINE('',#4438,#1079);
#723=LINE('',#4440,#1080);
#724=LINE('',#4441,#1081);
#725=LINE('',#4444,#1082);
#726=LINE('',#4446,#1083);
#727=LINE('',#4447,#1084);
#728=LINE('',#4449,#1085);
#729=LINE('',#4450,#1086);
#730=LINE('',#4456,#1087);
#731=LINE('',#4458,#1088);
#732=LINE('',#4460,#1089);
#733=LINE('',#4461,#1090);
#734=LINE('',#4464,#1091);
#735=LINE('',#4466,#1092);
#736=LINE('',#4467,#1093);
#737=LINE('',#4470,#1094);
#738=LINE('',#4472,#1095);
#739=LINE('',#4473,#1096);
#740=LINE('',#4475,#1097);
#741=LINE('',#4476,#1098);
#742=LINE('',#4480,#1099);
#743=LINE('',#4482,#1100);
#744=LINE('',#4484,#1101);
#745=LINE('',#4485,#1102);
#746=LINE('',#4488,#1103);
#747=LINE('',#4490,#1104);
#748=LINE('',#4491,#1105);
#749=LINE('',#4494,#1106);
#750=LINE('',#4496,#1107);
#751=LINE('',#4497,#1108);
#752=LINE('',#4499,#1109);
#753=LINE('',#4500,#1110);
#754=LINE('',#4504,#1111);
#755=LINE('',#4506,#1112);
#756=LINE('',#4508,#1113);
#757=LINE('',#4509,#1114);
#758=LINE('',#4512,#1115);
#759=LINE('',#4514,#1116);
#760=LINE('',#4515,#1117);
#761=LINE('',#4518,#1118);
#762=LINE('',#4520,#1119);
#763=LINE('',#4521,#1120);
#764=LINE('',#4523,#1121);
#765=LINE('',#4524,#1122);
#766=LINE('',#4528,#1123);
#767=LINE('',#4530,#1124);
#768=LINE('',#4532,#1125);
#769=LINE('',#4533,#1126);
#770=LINE('',#4536,#1127);
#771=LINE('',#4538,#1128);
#772=LINE('',#4539,#1129);
#773=LINE('',#4542,#1130);
#774=LINE('',#4544,#1131);
#775=LINE('',#4545,#1132);
#776=LINE('',#4547,#1133);
#777=LINE('',#4548,#1134);
#778=LINE('',#4552,#1135);
#779=LINE('',#4554,#1136);
#780=LINE('',#4556,#1137);
#781=LINE('',#4557,#1138);
#782=LINE('',#4560,#1139);
#783=LINE('',#4562,#1140);
#784=LINE('',#4563,#1141);
#785=LINE('',#4566,#1142);
#786=LINE('',#4568,#1143);
#787=LINE('',#4569,#1144);
#788=LINE('',#4571,#1145);
#789=LINE('',#4572,#1146);
#790=LINE('',#4576,#1147);
#791=LINE('',#4578,#1148);
#792=LINE('',#4580,#1149);
#793=LINE('',#4581,#1150);
#794=LINE('',#4584,#1151);
#795=LINE('',#4586,#1152);
#796=LINE('',#4587,#1153);
#797=LINE('',#4590,#1154);
#798=LINE('',#4592,#1155);
#799=LINE('',#4593,#1156);
#800=LINE('',#4595,#1157);
#801=LINE('',#4596,#1158);
#802=LINE('',#4600,#1159);
#803=LINE('',#4602,#1160);
#804=LINE('',#4604,#1161);
#805=LINE('',#4605,#1162);
#806=LINE('',#4608,#1163);
#807=LINE('',#4610,#1164);
#808=LINE('',#4611,#1165);
#809=LINE('',#4614,#1166);
#810=LINE('',#4616,#1167);
#811=LINE('',#4617,#1168);
#812=LINE('',#4619,#1169);
#813=LINE('',#4620,#1170);
#814=LINE('',#4624,#1171);
#815=LINE('',#4626,#1172);
#816=LINE('',#4628,#1173);
#817=LINE('',#4629,#1174);
#818=LINE('',#4632,#1175);
#819=LINE('',#4634,#1176);
#820=LINE('',#4635,#1177);
#821=LINE('',#4638,#1178);
#822=LINE('',#4640,#1179);
#823=LINE('',#4641,#1180);
#824=LINE('',#4643,#1181);
#825=LINE('',#4644,#1182);
#826=LINE('',#4648,#1183);
#827=LINE('',#4650,#1184);
#828=LINE('',#4652,#1185);
#829=LINE('',#4653,#1186);
#830=LINE('',#4656,#1187);
#831=LINE('',#4658,#1188);
#832=LINE('',#4659,#1189);
#833=LINE('',#4662,#1190);
#834=LINE('',#4664,#1191);
#835=LINE('',#4665,#1192);
#836=LINE('',#4667,#1193);
#837=LINE('',#4668,#1194);
#838=LINE('',#4672,#1195);
#839=LINE('',#4674,#1196);
#840=LINE('',#4676,#1197);
#841=LINE('',#4677,#1198);
#842=LINE('',#4680,#1199);
#843=LINE('',#4682,#1200);
#844=LINE('',#4683,#1201);
#845=LINE('',#4686,#1202);
#846=LINE('',#4688,#1203);
#847=LINE('',#4689,#1204);
#848=LINE('',#4691,#1205);
#849=LINE('',#4692,#1206);
#850=LINE('',#4696,#1207);
#851=LINE('',#4698,#1208);
#852=LINE('',#4700,#1209);
#853=LINE('',#4701,#1210);
#854=LINE('',#4704,#1211);
#855=LINE('',#4706,#1212);
#856=LINE('',#4707,#1213);
#857=LINE('',#4710,#1214);
#858=LINE('',#4712,#1215);
#859=LINE('',#4713,#1216);
#860=LINE('',#4715,#1217);
#861=LINE('',#4716,#1218);
#862=LINE('',#4720,#1219);
#863=LINE('',#4722,#1220);
#864=LINE('',#4724,#1221);
#865=LINE('',#4725,#1222);
#866=LINE('',#4728,#1223);
#867=LINE('',#4730,#1224);
#868=LINE('',#4731,#1225);
#869=LINE('',#4734,#1226);
#870=LINE('',#4736,#1227);
#871=LINE('',#4737,#1228);
#872=LINE('',#4739,#1229);
#873=LINE('',#4740,#1230);
#874=LINE('',#4744,#1231);
#875=LINE('',#4746,#1232);
#876=LINE('',#4748,#1233);
#877=LINE('',#4749,#1234);
#878=LINE('',#4752,#1235);
#879=LINE('',#4754,#1236);
#880=LINE('',#4755,#1237);
#881=LINE('',#4758,#1238);
#882=LINE('',#4760,#1239);
#883=LINE('',#4761,#1240);
#884=LINE('',#4763,#1241);
#885=LINE('',#4764,#1242);
#886=LINE('',#4768,#1243);
#887=LINE('',#4770,#1244);
#888=LINE('',#4772,#1245);
#889=LINE('',#4773,#1246);
#890=LINE('',#4776,#1247);
#891=LINE('',#4778,#1248);
#892=LINE('',#4779,#1249);
#893=LINE('',#4782,#1250);
#894=LINE('',#4784,#1251);
#895=LINE('',#4785,#1252);
#896=LINE('',#4787,#1253);
#897=LINE('',#4788,#1254);
#898=LINE('',#4792,#1255);
#899=LINE('',#4794,#1256);
#900=LINE('',#4796,#1257);
#901=LINE('',#4797,#1258);
#902=LINE('',#4800,#1259);
#903=LINE('',#4802,#1260);
#904=LINE('',#4803,#1261);
#905=LINE('',#4806,#1262);
#906=LINE('',#4808,#1263);
#907=LINE('',#4809,#1264);
#908=LINE('',#4811,#1265);
#909=LINE('',#4812,#1266);
#910=LINE('',#4816,#1267);
#911=LINE('',#4818,#1268);
#912=LINE('',#4820,#1269);
#913=LINE('',#4821,#1270);
#914=LINE('',#4824,#1271);
#915=LINE('',#4826,#1272);
#916=LINE('',#4827,#1273);
#917=LINE('',#4830,#1274);
#918=LINE('',#4832,#1275);
#919=LINE('',#4833,#1276);
#920=LINE('',#4835,#1277);
#921=LINE('',#4836,#1278);
#922=LINE('',#4840,#1279);
#923=LINE('',#4842,#1280);
#924=LINE('',#4844,#1281);
#925=LINE('',#4845,#1282);
#926=LINE('',#4848,#1283);
#927=LINE('',#4850,#1284);
#928=LINE('',#4851,#1285);
#929=LINE('',#4854,#1286);
#930=LINE('',#4856,#1287);
#931=LINE('',#4857,#1288);
#932=LINE('',#4859,#1289);
#933=LINE('',#4860,#1290);
#934=LINE('',#4864,#1291);
#935=LINE('',#4866,#1292);
#936=LINE('',#4868,#1293);
#937=LINE('',#4869,#1294);
#938=LINE('',#4872,#1295);
#939=LINE('',#4874,#1296);
#940=LINE('',#4875,#1297);
#941=LINE('',#4878,#1298);
#942=LINE('',#4880,#1299);
#943=LINE('',#4881,#1300);
#944=LINE('',#4883,#1301);
#945=LINE('',#4884,#1302);
#946=LINE('',#4888,#1303);
#947=LINE('',#4890,#1304);
#948=LINE('',#4892,#1305);
#949=LINE('',#4893,#1306);
#950=LINE('',#4896,#1307);
#951=LINE('',#4898,#1308);
#952=LINE('',#4899,#1309);
#953=LINE('',#4902,#1310);
#954=LINE('',#4904,#1311);
#955=LINE('',#4905,#1312);
#956=LINE('',#4907,#1313);
#957=LINE('',#4908,#1314);
#958=LINE('',#4912,#1315);
#959=LINE('',#4914,#1316);
#960=LINE('',#4916,#1317);
#961=LINE('',#4917,#1318);
#962=LINE('',#4920,#1319);
#963=LINE('',#4922,#1320);
#964=LINE('',#4923,#1321);
#965=LINE('',#4926,#1322);
#966=LINE('',#4928,#1323);
#967=LINE('',#4929,#1324);
#968=LINE('',#4931,#1325);
#969=LINE('',#4932,#1326);
#970=LINE('',#4936,#1327);
#971=LINE('',#4938,#1328);
#972=LINE('',#4940,#1329);
#973=LINE('',#4941,#1330);
#974=LINE('',#4944,#1331);
#975=LINE('',#4946,#1332);
#976=LINE('',#4947,#1333);
#977=LINE('',#4950,#1334);
#978=LINE('',#4952,#1335);
#979=LINE('',#4953,#1336);
#980=LINE('',#4955,#1337);
#981=LINE('',#4956,#1338);
#982=LINE('',#4960,#1339);
#983=LINE('',#4962,#1340);
#984=LINE('',#4964,#1341);
#985=LINE('',#4965,#1342);
#986=LINE('',#4968,#1343);
#987=LINE('',#4970,#1344);
#988=LINE('',#4971,#1345);
#989=LINE('',#4974,#1346);
#990=LINE('',#4976,#1347);
#991=LINE('',#4977,#1348);
#992=LINE('',#4979,#1349);
#993=LINE('',#4980,#1350);
#994=VECTOR('',#3343,3.5);
#995=VECTOR('',#3350,1.5);
#996=VECTOR('',#3357,1.5);
#997=VECTOR('',#3362,10.);
#998=VECTOR('',#3365,10.);
#999=VECTOR('',#3372,1.5);
#1000=VECTOR('',#3379,1.5);
#1001=VECTOR('',#3384,10.);
#1002=VECTOR('',#3385,10.);
#1003=VECTOR('',#3386,10.);
#1004=VECTOR('',#3387,10.);
#1005=VECTOR('',#3388,10.);
#1006=VECTOR('',#3389,10.);
#1007=VECTOR('',#3390,10.);
#1008=VECTOR('',#3391,10.);
#1009=VECTOR('',#3394,10.);
#1010=VECTOR('',#3395,10.);
#1011=VECTOR('',#3396,10.);
#1012=VECTOR('',#3399,10.);
#1013=VECTOR('',#3400,10.);
#1014=VECTOR('',#3403,10.);
#1015=VECTOR('',#3404,10.);
#1016=VECTOR('',#3405,10.);
#1017=VECTOR('',#3408,10.);
#1018=VECTOR('',#3409,10.);
#1019=VECTOR('',#3412,10.);
#1020=VECTOR('',#3413,10.);
#1021=VECTOR('',#3416,10.);
#1022=VECTOR('',#3419,10.);
#1023=VECTOR('',#3420,10.);
#1024=VECTOR('',#3421,10.);
#1025=VECTOR('',#3422,10.);
#1026=VECTOR('',#3425,10.);
#1027=VECTOR('',#3426,10.);
#1028=VECTOR('',#3427,10.);
#1029=VECTOR('',#3428,10.);
#1030=VECTOR('',#3429,10.);
#1031=VECTOR('',#3430,10.);
#1032=VECTOR('',#3433,10.);
#1033=VECTOR('',#3438,10.);
#1034=VECTOR('',#3439,10.);
#1035=VECTOR('',#3440,10.);
#1036=VECTOR('',#3443,10.);
#1037=VECTOR('',#3444,10.);
#1038=VECTOR('',#3447,10.);
#1039=VECTOR('',#3448,10.);
#1040=VECTOR('',#3451,10.);
#1041=VECTOR('',#3454,10.);
#1042=VECTOR('',#3455,10.);
#1043=VECTOR('',#3456,10.);
#1044=VECTOR('',#3459,10.);
#1045=VECTOR('',#3460,10.);
#1046=VECTOR('',#3463,10.);
#1047=VECTOR('',#3464,10.);
#1048=VECTOR('',#3467,10.);
#1049=VECTOR('',#3474,1.2);
#1050=VECTOR('',#3483,1.5);
#1051=VECTOR('',#3492,1.5);
#1052=VECTOR('',#3501,1.5);
#1053=VECTOR('',#3510,0.0475);
#1054=VECTOR('',#3521,1.2);
#1055=VECTOR('',#3524,0.095);
#1056=VECTOR('',#3529,0.0475);
#1057=VECTOR('',#3540,1.2);
#1058=VECTOR('',#3543,0.095);
#1059=VECTOR('',#3548,0.0475);
#1060=VECTOR('',#3561,1.2);
#1061=VECTOR('',#3564,0.095);
#1062=VECTOR('',#3569,0.0475);
#1063=VECTOR('',#3580,1.2);
#1064=VECTOR('',#3583,0.095);
#1065=VECTOR('',#3594,4.);
#1066=VECTOR('',#3601,0.0475);
#1067=VECTOR('',#3604,0.095);
#1068=VECTOR('',#3615,4.);
#1069=VECTOR('',#3628,4.);
#1070=VECTOR('',#3641,4.);
#1071=VECTOR('',#3646,2.5);
#1072=VECTOR('',#3651,2.5);
#1073=VECTOR('',#3656,2.5);
#1074=VECTOR('',#3661,2.5);
#1075=VECTOR('',#3666,10.);
#1076=VECTOR('',#3667,10.);
#1077=VECTOR('',#3668,10.);
#1078=VECTOR('',#3669,10.);
#1079=VECTOR('',#3672,10.);
#1080=VECTOR('',#3673,10.);
#1081=VECTOR('',#3674,10.);
#1082=VECTOR('',#3677,10.);
#1083=VECTOR('',#3678,10.);
#1084=VECTOR('',#3679,10.);
#1085=VECTOR('',#3682,10.);
#1086=VECTOR('',#3683,10.);
#1087=VECTOR('',#3690,10.);
#1088=VECTOR('',#3691,10.);
#1089=VECTOR('',#3692,10.);
#1090=VECTOR('',#3693,10.);
#1091=VECTOR('',#3696,10.);
#1092=VECTOR('',#3697,10.);
#1093=VECTOR('',#3698,10.);
#1094=VECTOR('',#3701,10.);
#1095=VECTOR('',#3702,10.);
#1096=VECTOR('',#3703,10.);
#1097=VECTOR('',#3706,10.);
#1098=VECTOR('',#3707,10.);
#1099=VECTOR('',#3710,10.);
#1100=VECTOR('',#3711,10.);
#1101=VECTOR('',#3712,10.);
#1102=VECTOR('',#3713,10.);
#1103=VECTOR('',#3716,10.);
#1104=VECTOR('',#3717,10.);
#1105=VECTOR('',#3718,10.);
#1106=VECTOR('',#3721,10.);
#1107=VECTOR('',#3722,10.);
#1108=VECTOR('',#3723,10.);
#1109=VECTOR('',#3726,10.);
#1110=VECTOR('',#3727,10.);
#1111=VECTOR('',#3730,10.);
#1112=VECTOR('',#3731,10.);
#1113=VECTOR('',#3732,10.);
#1114=VECTOR('',#3733,10.);
#1115=VECTOR('',#3736,10.);
#1116=VECTOR('',#3737,10.);
#1117=VECTOR('',#3738,10.);
#1118=VECTOR('',#3741,10.);
#1119=VECTOR('',#3742,10.);
#1120=VECTOR('',#3743,10.);
#1121=VECTOR('',#3746,10.);
#1122=VECTOR('',#3747,10.);
#1123=VECTOR('',#3750,10.);
#1124=VECTOR('',#3751,10.);
#1125=VECTOR('',#3752,10.);
#1126=VECTOR('',#3753,10.);
#1127=VECTOR('',#3756,10.);
#1128=VECTOR('',#3757,10.);
#1129=VECTOR('',#3758,10.);
#1130=VECTOR('',#3761,10.);
#1131=VECTOR('',#3762,10.);
#1132=VECTOR('',#3763,10.);
#1133=VECTOR('',#3766,10.);
#1134=VECTOR('',#3767,10.);
#1135=VECTOR('',#3770,10.);
#1136=VECTOR('',#3771,10.);
#1137=VECTOR('',#3772,10.);
#1138=VECTOR('',#3773,10.);
#1139=VECTOR('',#3776,10.);
#1140=VECTOR('',#3777,10.);
#1141=VECTOR('',#3778,10.);
#1142=VECTOR('',#3781,10.);
#1143=VECTOR('',#3782,10.);
#1144=VECTOR('',#3783,10.);
#1145=VECTOR('',#3786,10.);
#1146=VECTOR('',#3787,10.);
#1147=VECTOR('',#3790,10.);
#1148=VECTOR('',#3791,10.);
#1149=VECTOR('',#3792,10.);
#1150=VECTOR('',#3793,10.);
#1151=VECTOR('',#3796,10.);
#1152=VECTOR('',#3797,10.);
#1153=VECTOR('',#3798,10.);
#1154=VECTOR('',#3801,10.);
#1155=VECTOR('',#3802,10.);
#1156=VECTOR('',#3803,10.);
#1157=VECTOR('',#3806,10.);
#1158=VECTOR('',#3807,10.);
#1159=VECTOR('',#3810,10.);
#1160=VECTOR('',#3811,10.);
#1161=VECTOR('',#3812,10.);
#1162=VECTOR('',#3813,10.);
#1163=VECTOR('',#3816,10.);
#1164=VECTOR('',#3817,10.);
#1165=VECTOR('',#3818,10.);
#1166=VECTOR('',#3821,10.);
#1167=VECTOR('',#3822,10.);
#1168=VECTOR('',#3823,10.);
#1169=VECTOR('',#3826,10.);
#1170=VECTOR('',#3827,10.);
#1171=VECTOR('',#3830,10.);
#1172=VECTOR('',#3831,10.);
#1173=VECTOR('',#3832,10.);
#1174=VECTOR('',#3833,10.);
#1175=VECTOR('',#3836,10.);
#1176=VECTOR('',#3837,10.);
#1177=VECTOR('',#3838,10.);
#1178=VECTOR('',#3841,10.);
#1179=VECTOR('',#3842,10.);
#1180=VECTOR('',#3843,10.);
#1181=VECTOR('',#3846,10.);
#1182=VECTOR('',#3847,10.);
#1183=VECTOR('',#3850,10.);
#1184=VECTOR('',#3851,10.);
#1185=VECTOR('',#3852,10.);
#1186=VECTOR('',#3853,10.);
#1187=VECTOR('',#3856,10.);
#1188=VECTOR('',#3857,10.);
#1189=VECTOR('',#3858,10.);
#1190=VECTOR('',#3861,10.);
#1191=VECTOR('',#3862,10.);
#1192=VECTOR('',#3863,10.);
#1193=VECTOR('',#3866,10.);
#1194=VECTOR('',#3867,10.);
#1195=VECTOR('',#3870,10.);
#1196=VECTOR('',#3871,10.);
#1197=VECTOR('',#3872,10.);
#1198=VECTOR('',#3873,10.);
#1199=VECTOR('',#3876,10.);
#1200=VECTOR('',#3877,10.);
#1201=VECTOR('',#3878,10.);
#1202=VECTOR('',#3881,10.);
#1203=VECTOR('',#3882,10.);
#1204=VECTOR('',#3883,10.);
#1205=VECTOR('',#3886,10.);
#1206=VECTOR('',#3887,10.);
#1207=VECTOR('',#3890,10.);
#1208=VECTOR('',#3891,10.);
#1209=VECTOR('',#3892,10.);
#1210=VECTOR('',#3893,10.);
#1211=VECTOR('',#3896,10.);
#1212=VECTOR('',#3897,10.);
#1213=VECTOR('',#3898,10.);
#1214=VECTOR('',#3901,10.);
#1215=VECTOR('',#3902,10.);
#1216=VECTOR('',#3903,10.);
#1217=VECTOR('',#3906,10.);
#1218=VECTOR('',#3907,10.);
#1219=VECTOR('',#3910,10.);
#1220=VECTOR('',#3911,10.);
#1221=VECTOR('',#3912,10.);
#1222=VECTOR('',#3913,10.);
#1223=VECTOR('',#3916,10.);
#1224=VECTOR('',#3917,10.);
#1225=VECTOR('',#3918,10.);
#1226=VECTOR('',#3921,10.);
#1227=VECTOR('',#3922,10.);
#1228=VECTOR('',#3923,10.);
#1229=VECTOR('',#3926,10.);
#1230=VECTOR('',#3927,10.);
#1231=VECTOR('',#3930,10.);
#1232=VECTOR('',#3931,10.);
#1233=VECTOR('',#3932,10.);
#1234=VECTOR('',#3933,10.);
#1235=VECTOR('',#3936,10.);
#1236=VECTOR('',#3937,10.);
#1237=VECTOR('',#3938,10.);
#1238=VECTOR('',#3941,10.);
#1239=VECTOR('',#3942,10.);
#1240=VECTOR('',#3943,10.);
#1241=VECTOR('',#3946,10.);
#1242=VECTOR('',#3947,10.);
#1243=VECTOR('',#3950,10.);
#1244=VECTOR('',#3951,10.);
#1245=VECTOR('',#3952,10.);
#1246=VECTOR('',#3953,10.);
#1247=VECTOR('',#3956,10.);
#1248=VECTOR('',#3957,10.);
#1249=VECTOR('',#3958,10.);
#1250=VECTOR('',#3961,10.);
#1251=VECTOR('',#3962,10.);
#1252=VECTOR('',#3963,10.);
#1253=VECTOR('',#3966,10.);
#1254=VECTOR('',#3967,10.);
#1255=VECTOR('',#3970,10.);
#1256=VECTOR('',#3971,10.);
#1257=VECTOR('',#3972,10.);
#1258=VECTOR('',#3973,10.);
#1259=VECTOR('',#3976,10.);
#1260=VECTOR('',#3977,10.);
#1261=VECTOR('',#3978,10.);
#1262=VECTOR('',#3981,10.);
#1263=VECTOR('',#3982,10.);
#1264=VECTOR('',#3983,10.);
#1265=VECTOR('',#3986,10.);
#1266=VECTOR('',#3987,10.);
#1267=VECTOR('',#3990,10.);
#1268=VECTOR('',#3991,10.);
#1269=VECTOR('',#3992,10.);
#1270=VECTOR('',#3993,10.);
#1271=VECTOR('',#3996,10.);
#1272=VECTOR('',#3997,10.);
#1273=VECTOR('',#3998,10.);
#1274=VECTOR('',#4001,10.);
#1275=VECTOR('',#4002,10.);
#1276=VECTOR('',#4003,10.);
#1277=VECTOR('',#4006,10.);
#1278=VECTOR('',#4007,10.);
#1279=VECTOR('',#4010,10.);
#1280=VECTOR('',#4011,10.);
#1281=VECTOR('',#4012,10.);
#1282=VECTOR('',#4013,10.);
#1283=VECTOR('',#4016,10.);
#1284=VECTOR('',#4017,10.);
#1285=VECTOR('',#4018,10.);
#1286=VECTOR('',#4021,10.);
#1287=VECTOR('',#4022,10.);
#1288=VECTOR('',#4023,10.);
#1289=VECTOR('',#4026,10.);
#1290=VECTOR('',#4027,10.);
#1291=VECTOR('',#4030,10.);
#1292=VECTOR('',#4031,10.);
#1293=VECTOR('',#4032,10.);
#1294=VECTOR('',#4033,10.);
#1295=VECTOR('',#4036,10.);
#1296=VECTOR('',#4037,10.);
#1297=VECTOR('',#4038,10.);
#1298=VECTOR('',#4041,10.);
#1299=VECTOR('',#4042,10.);
#1300=VECTOR('',#4043,10.);
#1301=VECTOR('',#4046,10.);
#1302=VECTOR('',#4047,10.);
#1303=VECTOR('',#4050,10.);
#1304=VECTOR('',#4051,10.);
#1305=VECTOR('',#4052,10.);
#1306=VECTOR('',#4053,10.);
#1307=VECTOR('',#4056,10.);
#1308=VECTOR('',#4057,10.);
#1309=VECTOR('',#4058,10.);
#1310=VECTOR('',#4061,10.);
#1311=VECTOR('',#4062,10.);
#1312=VECTOR('',#4063,10.);
#1313=VECTOR('',#4066,10.);
#1314=VECTOR('',#4067,10.);
#1315=VECTOR('',#4070,10.);
#1316=VECTOR('',#4071,10.);
#1317=VECTOR('',#4072,10.);
#1318=VECTOR('',#4073,10.);
#1319=VECTOR('',#4076,10.);
#1320=VECTOR('',#4077,10.);
#1321=VECTOR('',#4078,10.);
#1322=VECTOR('',#4081,10.);
#1323=VECTOR('',#4082,10.);
#1324=VECTOR('',#4083,10.);
#1325=VECTOR('',#4086,10.);
#1326=VECTOR('',#4087,10.);
#1327=VECTOR('',#4090,10.);
#1328=VECTOR('',#4091,10.);
#1329=VECTOR('',#4092,10.);
#1330=VECTOR('',#4093,10.);
#1331=VECTOR('',#4096,10.);
#1332=VECTOR('',#4097,10.);
#1333=VECTOR('',#4098,10.);
#1334=VECTOR('',#4101,10.);
#1335=VECTOR('',#4102,10.);
#1336=VECTOR('',#4103,10.);
#1337=VECTOR('',#4106,10.);
#1338=VECTOR('',#4107,10.);
#1339=VECTOR('',#4110,10.);
#1340=VECTOR('',#4111,10.);
#1341=VECTOR('',#4112,10.);
#1342=VECTOR('',#4113,10.);
#1343=VECTOR('',#4116,10.);
#1344=VECTOR('',#4117,10.);
#1345=VECTOR('',#4118,10.);
#1346=VECTOR('',#4121,10.);
#1347=VECTOR('',#4122,10.);
#1348=VECTOR('',#4123,10.);
#1349=VECTOR('',#4126,10.);
#1350=VECTOR('',#4127,10.);
#1351=CIRCLE('',#3120,3.5);
#1352=CIRCLE('',#3121,3.5);
#1353=CIRCLE('',#3123,1.5);
#1354=CIRCLE('',#3124,1.5);
#1355=CIRCLE('',#3126,1.5);
#1356=CIRCLE('',#3127,1.5);
#1357=CIRCLE('',#3129,1.5);
#1358=CIRCLE('',#3131,1.5);
#1359=CIRCLE('',#3132,1.5);
#1360=CIRCLE('',#3133,1.5);
#1361=CIRCLE('',#3135,1.5);
#1362=CIRCLE('',#3136,1.5);
#1363=CIRCLE('',#3158,1.2);
#1364=CIRCLE('',#3159,1.2);
#1365=CIRCLE('',#3162,1.5);
#1366=CIRCLE('',#3163,1.5);
#1367=CIRCLE('',#3166,1.5);
#1368=CIRCLE('',#3167,1.5);
#1369=CIRCLE('',#3170,1.5);
#1370=CIRCLE('',#3171,1.5);
#1371=CIRCLE('',#3174,0.095);
#1372=CIRCLE('',#3176,1.2);
#1373=CIRCLE('',#3177,0.095);
#1374=CIRCLE('',#3179,1.2);
#1375=CIRCLE('',#3182,0.095);
#1376=CIRCLE('',#3184,1.2);
#1377=CIRCLE('',#3185,0.095);
#1378=CIRCLE('',#3187,1.2);
#1379=CIRCLE('',#3190,0.095);
#1380=CIRCLE('',#3192,1.2);
#1381=CIRCLE('',#3193,0.095);
#1382=CIRCLE('',#3194,0.095);
#1383=CIRCLE('',#3196,1.2);
#1384=CIRCLE('',#3199,0.095);
#1385=CIRCLE('',#3201,1.2);
#1386=CIRCLE('',#3202,0.095);
#1387=CIRCLE('',#3204,1.2);
#1388=CIRCLE('',#3207,4.);
#1389=CIRCLE('',#3208,2.4505);
#1390=CIRCLE('',#3210,4.);
#1391=CIRCLE('',#3213,0.095);
#1392=CIRCLE('',#3216,4.);
#1393=CIRCLE('',#3217,2.204);
#1394=CIRCLE('',#3219,4.);
#1395=CIRCLE('',#3222,4.);
#1396=CIRCLE('',#3223,2.204);
#1397=CIRCLE('',#3225,4.);
#1398=CIRCLE('',#3228,4.);
#1399=CIRCLE('',#3229,2.204);
#1400=CIRCLE('',#3231,4.);
#1401=CIRCLE('',#3234,2.204);
#1402=CIRCLE('',#3236,2.4505);
#1403=CIRCLE('',#3238,2.204);
#1404=CIRCLE('',#3240,2.204);
#1405=VERTEX_POINT('',#4134);
#1406=VERTEX_POINT('',#4136);
#1407=VERTEX_POINT('',#4140);
#1408=VERTEX_POINT('',#4142);
#1409=VERTEX_POINT('',#4146);
#1410=VERTEX_POINT('',#4148);
#1411=VERTEX_POINT('',#4152);
#1412=VERTEX_POINT('',#4153);
#1413=VERTEX_POINT('',#4155);
#1414=VERTEX_POINT('',#4159);
#1415=VERTEX_POINT('',#4162);
#1416=VERTEX_POINT('',#4166);
#1417=VERTEX_POINT('',#4168);
#1418=VERTEX_POINT('',#4172);
#1419=VERTEX_POINT('',#4173);
#1420=VERTEX_POINT('',#4175);
#1421=VERTEX_POINT('',#4177);
#1422=VERTEX_POINT('',#4180);
#1423=VERTEX_POINT('',#4182);
#1424=VERTEX_POINT('',#4184);
#1425=VERTEX_POINT('',#4188);
#1426=VERTEX_POINT('',#4190);
#1427=VERTEX_POINT('',#4194);
#1428=VERTEX_POINT('',#4198);
#1429=VERTEX_POINT('',#4200);
#1430=VERTEX_POINT('',#4204);
#1431=VERTEX_POINT('',#4208);
#1432=VERTEX_POINT('',#4214);
#1433=VERTEX_POINT('',#4215);
#1434=VERTEX_POINT('',#4217);
#1435=VERTEX_POINT('',#4219);
#1436=VERTEX_POINT('',#4223);
#1437=VERTEX_POINT('',#4224);
#1438=VERTEX_POINT('',#4226);
#1439=VERTEX_POINT('',#4228);
#1440=VERTEX_POINT('',#4231);
#1441=VERTEX_POINT('',#4238);
#1442=VERTEX_POINT('',#4239);
#1443=VERTEX_POINT('',#4244);
#1444=VERTEX_POINT('',#4248);
#1445=VERTEX_POINT('',#4254);
#1446=VERTEX_POINT('',#4255);
#1447=VERTEX_POINT('',#4260);
#1448=VERTEX_POINT('',#4264);
#1449=VERTEX_POINT('',#4271);
#1450=VERTEX_POINT('',#4273);
#1451=VERTEX_POINT('',#4278);
#1452=VERTEX_POINT('',#4280);
#1453=VERTEX_POINT('',#4285);
#1454=VERTEX_POINT('',#4287);
#1455=VERTEX_POINT('',#4292);
#1456=VERTEX_POINT('',#4294);
#1457=VERTEX_POINT('',#4299);
#1458=VERTEX_POINT('',#4301);
#1459=VERTEX_POINT('',#4304);
#1460=VERTEX_POINT('',#4306);
#1461=VERTEX_POINT('',#4309);
#1462=VERTEX_POINT('',#4315);
#1463=VERTEX_POINT('',#4317);
#1464=VERTEX_POINT('',#4320);
#1465=VERTEX_POINT('',#4322);
#1466=VERTEX_POINT('',#4325);
#1467=VERTEX_POINT('',#4331);
#1468=VERTEX_POINT('',#4333);
#1469=VERTEX_POINT('',#4336);
#1470=VERTEX_POINT('',#4338);
#1471=VERTEX_POINT('',#4340);
#1472=VERTEX_POINT('',#4343);
#1473=VERTEX_POINT('',#4349);
#1474=VERTEX_POINT('',#4351);
#1475=VERTEX_POINT('',#4354);
#1476=VERTEX_POINT('',#4356);
#1477=VERTEX_POINT('',#4359);
#1478=VERTEX_POINT('',#4365);
#1479=VERTEX_POINT('',#4367);
#1480=VERTEX_POINT('',#4370);
#1481=VERTEX_POINT('',#4375);
#1482=VERTEX_POINT('',#4377);
#1483=VERTEX_POINT('',#4382);
#1484=VERTEX_POINT('',#4384);
#1485=VERTEX_POINT('',#4387);
#1486=VERTEX_POINT('',#4392);
#1487=VERTEX_POINT('',#4394);
#1488=VERTEX_POINT('',#4397);
#1489=VERTEX_POINT('',#4402);
#1490=VERTEX_POINT('',#4404);
#1491=VERTEX_POINT('',#4407);
#1492=VERTEX_POINT('',#4412);
#1493=VERTEX_POINT('',#4416);
#1494=VERTEX_POINT('',#4420);
#1495=VERTEX_POINT('',#4424);
#1496=VERTEX_POINT('',#4428);
#1497=VERTEX_POINT('',#4429);
#1498=VERTEX_POINT('',#4431);
#1499=VERTEX_POINT('',#4433);
#1500=VERTEX_POINT('',#4437);
#1501=VERTEX_POINT('',#4439);
#1502=VERTEX_POINT('',#4443);
#1503=VERTEX_POINT('',#4445);
#1504=VERTEX_POINT('',#4454);
#1505=VERTEX_POINT('',#4455);
#1506=VERTEX_POINT('',#4457);
#1507=VERTEX_POINT('',#4459);
#1508=VERTEX_POINT('',#4463);
#1509=VERTEX_POINT('',#4465);
#1510=VERTEX_POINT('',#4469);
#1511=VERTEX_POINT('',#4471);
#1512=VERTEX_POINT('',#4478);
#1513=VERTEX_POINT('',#4479);
#1514=VERTEX_POINT('',#4481);
#1515=VERTEX_POINT('',#4483);
#1516=VERTEX_POINT('',#4487);
#1517=VERTEX_POINT('',#4489);
#1518=VERTEX_POINT('',#4493);
#1519=VERTEX_POINT('',#4495);
#1520=VERTEX_POINT('',#4502);
#1521=VERTEX_POINT('',#4503);
#1522=VERTEX_POINT('',#4505);
#1523=VERTEX_POINT('',#4507);
#1524=VERTEX_POINT('',#4511);
#1525=VERTEX_POINT('',#4513);
#1526=VERTEX_POINT('',#4517);
#1527=VERTEX_POINT('',#4519);
#1528=VERTEX_POINT('',#4526);
#1529=VERTEX_POINT('',#4527);
#1530=VERTEX_POINT('',#4529);
#1531=VERTEX_POINT('',#4531);
#1532=VERTEX_POINT('',#4535);
#1533=VERTEX_POINT('',#4537);
#1534=VERTEX_POINT('',#4541);
#1535=VERTEX_POINT('',#4543);
#1536=VERTEX_POINT('',#4550);
#1537=VERTEX_POINT('',#4551);
#1538=VERTEX_POINT('',#4553);
#1539=VERTEX_POINT('',#4555);
#1540=VERTEX_POINT('',#4559);
#1541=VERTEX_POINT('',#4561);
#1542=VERTEX_POINT('',#4565);
#1543=VERTEX_POINT('',#4567);
#1544=VERTEX_POINT('',#4574);
#1545=VERTEX_POINT('',#4575);
#1546=VERTEX_POINT('',#4577);
#1547=VERTEX_POINT('',#4579);
#1548=VERTEX_POINT('',#4583);
#1549=VERTEX_POINT('',#4585);
#1550=VERTEX_POINT('',#4589);
#1551=VERTEX_POINT('',#4591);
#1552=VERTEX_POINT('',#4598);
#1553=VERTEX_POINT('',#4599);
#1554=VERTEX_POINT('',#4601);
#1555=VERTEX_POINT('',#4603);
#1556=VERTEX_POINT('',#4607);
#1557=VERTEX_POINT('',#4609);
#1558=VERTEX_POINT('',#4613);
#1559=VERTEX_POINT('',#4615);
#1560=VERTEX_POINT('',#4622);
#1561=VERTEX_POINT('',#4623);
#1562=VERTEX_POINT('',#4625);
#1563=VERTEX_POINT('',#4627);
#1564=VERTEX_POINT('',#4631);
#1565=VERTEX_POINT('',#4633);
#1566=VERTEX_POINT('',#4637);
#1567=VERTEX_POINT('',#4639);
#1568=VERTEX_POINT('',#4646);
#1569=VERTEX_POINT('',#4647);
#1570=VERTEX_POINT('',#4649);
#1571=VERTEX_POINT('',#4651);
#1572=VERTEX_POINT('',#4655);
#1573=VERTEX_POINT('',#4657);
#1574=VERTEX_POINT('',#4661);
#1575=VERTEX_POINT('',#4663);
#1576=VERTEX_POINT('',#4670);
#1577=VERTEX_POINT('',#4671);
#1578=VERTEX_POINT('',#4673);
#1579=VERTEX_POINT('',#4675);
#1580=VERTEX_POINT('',#4679);
#1581=VERTEX_POINT('',#4681);
#1582=VERTEX_POINT('',#4685);
#1583=VERTEX_POINT('',#4687);
#1584=VERTEX_POINT('',#4694);
#1585=VERTEX_POINT('',#4695);
#1586=VERTEX_POINT('',#4697);
#1587=VERTEX_POINT('',#4699);
#1588=VERTEX_POINT('',#4703);
#1589=VERTEX_POINT('',#4705);
#1590=VERTEX_POINT('',#4709);
#1591=VERTEX_POINT('',#4711);
#1592=VERTEX_POINT('',#4718);
#1593=VERTEX_POINT('',#4719);
#1594=VERTEX_POINT('',#4721);
#1595=VERTEX_POINT('',#4723);
#1596=VERTEX_POINT('',#4727);
#1597=VERTEX_POINT('',#4729);
#1598=VERTEX_POINT('',#4733);
#1599=VERTEX_POINT('',#4735);
#1600=VERTEX_POINT('',#4742);
#1601=VERTEX_POINT('',#4743);
#1602=VERTEX_POINT('',#4745);
#1603=VERTEX_POINT('',#4747);
#1604=VERTEX_POINT('',#4751);
#1605=VERTEX_POINT('',#4753);
#1606=VERTEX_POINT('',#4757);
#1607=VERTEX_POINT('',#4759);
#1608=VERTEX_POINT('',#4766);
#1609=VERTEX_POINT('',#4767);
#1610=VERTEX_POINT('',#4769);
#1611=VERTEX_POINT('',#4771);
#1612=VERTEX_POINT('',#4775);
#1613=VERTEX_POINT('',#4777);
#1614=VERTEX_POINT('',#4781);
#1615=VERTEX_POINT('',#4783);
#1616=VERTEX_POINT('',#4790);
#1617=VERTEX_POINT('',#4791);
#1618=VERTEX_POINT('',#4793);
#1619=VERTEX_POINT('',#4795);
#1620=VERTEX_POINT('',#4799);
#1621=VERTEX_POINT('',#4801);
#1622=VERTEX_POINT('',#4805);
#1623=VERTEX_POINT('',#4807);
#1624=VERTEX_POINT('',#4814);
#1625=VERTEX_POINT('',#4815);
#1626=VERTEX_POINT('',#4817);
#1627=VERTEX_POINT('',#4819);
#1628=VERTEX_POINT('',#4823);
#1629=VERTEX_POINT('',#4825);
#1630=VERTEX_POINT('',#4829);
#1631=VERTEX_POINT('',#4831);
#1632=VERTEX_POINT('',#4838);
#1633=VERTEX_POINT('',#4839);
#1634=VERTEX_POINT('',#4841);
#1635=VERTEX_POINT('',#4843);
#1636=VERTEX_POINT('',#4847);
#1637=VERTEX_POINT('',#4849);
#1638=VERTEX_POINT('',#4853);
#1639=VERTEX_POINT('',#4855);
#1640=VERTEX_POINT('',#4862);
#1641=VERTEX_POINT('',#4863);
#1642=VERTEX_POINT('',#4865);
#1643=VERTEX_POINT('',#4867);
#1644=VERTEX_POINT('',#4871);
#1645=VERTEX_POINT('',#4873);
#1646=VERTEX_POINT('',#4877);
#1647=VERTEX_POINT('',#4879);
#1648=VERTEX_POINT('',#4886);
#1649=VERTEX_POINT('',#4887);
#1650=VERTEX_POINT('',#4889);
#1651=VERTEX_POINT('',#4891);
#1652=VERTEX_POINT('',#4895);
#1653=VERTEX_POINT('',#4897);
#1654=VERTEX_POINT('',#4901);
#1655=VERTEX_POINT('',#4903);
#1656=VERTEX_POINT('',#4910);
#1657=VERTEX_POINT('',#4911);
#1658=VERTEX_POINT('',#4913);
#1659=VERTEX_POINT('',#4915);
#1660=VERTEX_POINT('',#4919);
#1661=VERTEX_POINT('',#4921);
#1662=VERTEX_POINT('',#4925);
#1663=VERTEX_POINT('',#4927);
#1664=VERTEX_POINT('',#4934);
#1665=VERTEX_POINT('',#4935);
#1666=VERTEX_POINT('',#4937);
#1667=VERTEX_POINT('',#4939);
#1668=VERTEX_POINT('',#4943);
#1669=VERTEX_POINT('',#4945);
#1670=VERTEX_POINT('',#4949);
#1671=VERTEX_POINT('',#4951);
#1672=VERTEX_POINT('',#4958);
#1673=VERTEX_POINT('',#4959);
#1674=VERTEX_POINT('',#4961);
#1675=VERTEX_POINT('',#4963);
#1676=VERTEX_POINT('',#4967);
#1677=VERTEX_POINT('',#4969);
#1678=VERTEX_POINT('',#4973);
#1679=VERTEX_POINT('',#4975);
#1680=EDGE_CURVE('',#1405,#1405,#1351,.T.);
#1681=EDGE_CURVE('',#1405,#1406,#637,.T.);
#1682=EDGE_CURVE('',#1406,#1406,#1352,.T.);
#1683=EDGE_CURVE('',#1407,#1407,#1353,.T.);
#1684=EDGE_CURVE('',#1407,#1408,#638,.T.);
#1685=EDGE_CURVE('',#1408,#1408,#1354,.T.);
#1686=EDGE_CURVE('',#1409,#1409,#1355,.T.);
#1687=EDGE_CURVE('',#1409,#1410,#639,.T.);
#1688=EDGE_CURVE('',#1410,#1410,#1356,.T.);
#1689=EDGE_CURVE('',#1411,#1412,#640,.T.);
#1690=EDGE_CURVE('',#1413,#1411,#1357,.T.);
#1691=EDGE_CURVE('',#1412,#1413,#641,.T.);
#1692=EDGE_CURVE('',#1413,#1414,#1358,.T.);
#1693=EDGE_CURVE('',#1414,#1411,#1359,.T.);
#1694=EDGE_CURVE('',#1414,#1415,#642,.T.);
#1695=EDGE_CURVE('',#1415,#1415,#1360,.T.);
#1696=EDGE_CURVE('',#1416,#1416,#1361,.T.);
#1697=EDGE_CURVE('',#1416,#1417,#643,.T.);
#1698=EDGE_CURVE('',#1417,#1417,#1362,.T.);
#1699=EDGE_CURVE('',#1418,#1419,#644,.T.);
#1700=EDGE_CURVE('',#1420,#1418,#645,.T.);
#1701=EDGE_CURVE('',#1421,#1420,#646,.T.);
#1702=EDGE_CURVE('',#1419,#1421,#647,.T.);
#1703=EDGE_CURVE('',#1422,#1411,#648,.T.);
#1704=EDGE_CURVE('',#1423,#1422,#649,.T.);
#1705=EDGE_CURVE('',#1424,#1423,#650,.T.);
#1706=EDGE_CURVE('',#1413,#1424,#651,.T.);
#1707=EDGE_CURVE('',#1422,#1425,#652,.T.);
#1708=EDGE_CURVE('',#1426,#1425,#653,.T.);
#1709=EDGE_CURVE('',#1423,#1426,#654,.T.);
#1710=EDGE_CURVE('',#1412,#1427,#655,.F.);
#1711=EDGE_CURVE('',#1425,#1427,#656,.T.);
#1712=EDGE_CURVE('',#1420,#1428,#657,.F.);
#1713=EDGE_CURVE('',#1429,#1428,#658,.T.);
#1714=EDGE_CURVE('',#1421,#1429,#659,.F.);
#1715=EDGE_CURVE('',#1418,#1430,#660,.F.);
#1716=EDGE_CURVE('',#1428,#1430,#661,.T.);
#1717=EDGE_CURVE('',#1424,#1431,#662,.T.);
#1718=EDGE_CURVE('',#1427,#1431,#663,.T.);
#1719=EDGE_CURVE('',#1431,#1426,#664,.T.);
#1720=EDGE_CURVE('',#1432,#1433,#665,.T.);
#1721=EDGE_CURVE('',#1433,#1434,#666,.T.);
#1722=EDGE_CURVE('',#1434,#1435,#667,.T.);
#1723=EDGE_CURVE('',#1435,#1432,#668,.T.);
#1724=EDGE_CURVE('',#1436,#1437,#669,.T.);
#1725=EDGE_CURVE('',#1437,#1438,#670,.T.);
#1726=EDGE_CURVE('',#1438,#1439,#671,.T.);
#1727=EDGE_CURVE('',#1439,#1436,#672,.T.);
#1728=EDGE_CURVE('',#1440,#1429,#673,.T.);
#1729=EDGE_CURVE('',#1430,#1440,#674,.T.);
#1730=EDGE_CURVE('',#1419,#1440,#675,.T.);
#1731=EDGE_CURVE('',#1441,#1442,#676,.T.);
#1732=EDGE_CURVE('',#1442,#1432,#677,.T.);
#1733=EDGE_CURVE('',#1441,#1435,#678,.T.);
#1734=EDGE_CURVE('',#1443,#1441,#679,.T.);
#1735=EDGE_CURVE('',#1443,#1434,#680,.T.);
#1736=EDGE_CURVE('',#1444,#1443,#681,.T.);
#1737=EDGE_CURVE('',#1444,#1433,#682,.T.);
#1738=EDGE_CURVE('',#1442,#1444,#683,.T.);
#1739=EDGE_CURVE('',#1445,#1446,#684,.T.);
#1740=EDGE_CURVE('',#1445,#1436,#685,.T.);
#1741=EDGE_CURVE('',#1446,#1439,#686,.T.);
#1742=EDGE_CURVE('',#1446,#1447,#687,.T.);
#1743=EDGE_CURVE('',#1447,#1438,#688,.T.);
#1744=EDGE_CURVE('',#1447,#1448,#689,.T.);
#1745=EDGE_CURVE('',#1448,#1437,#690,.T.);
#1746=EDGE_CURVE('',#1448,#1445,#691,.T.);
#1747=EDGE_CURVE('',#1449,#1449,#1363,.T.);
#1748=EDGE_CURVE('',#1449,#1450,#692,.T.);
#1749=EDGE_CURVE('',#1450,#1450,#1364,.T.);
#1750=EDGE_CURVE('',#1451,#1451,#1365,.T.);
#1751=EDGE_CURVE('',#1451,#1452,#693,.T.);
#1752=EDGE_CURVE('',#1452,#1452,#1366,.T.);
#1753=EDGE_CURVE('',#1453,#1453,#1367,.T.);
#1754=EDGE_CURVE('',#1453,#1454,#694,.T.);
#1755=EDGE_CURVE('',#1454,#1454,#1368,.T.);
#1756=EDGE_CURVE('',#1455,#1455,#1369,.T.);
#1757=EDGE_CURVE('',#1455,#1456,#695,.T.);
#1758=EDGE_CURVE('',#1456,#1456,#1370,.T.);
#1759=EDGE_CURVE('',#1457,#1457,#1371,.T.);
#1760=EDGE_CURVE('',#1457,#1458,#696,.T.);
#1761=EDGE_CURVE('',#1459,#1459,#1372,.T.);
#1762=EDGE_CURVE('',#1460,#1460,#1373,.T.);
#1763=EDGE_CURVE('',#1461,#1461,#1374,.T.);
#1764=EDGE_CURVE('',#1461,#1459,#697,.T.);
#1765=EDGE_CURVE('',#1460,#1457,#698,.T.);
#1766=EDGE_CURVE('',#1462,#1462,#1375,.T.);
#1767=EDGE_CURVE('',#1462,#1463,#699,.T.);
#1768=EDGE_CURVE('',#1464,#1464,#1376,.T.);
#1769=EDGE_CURVE('',#1465,#1465,#1377,.T.);
#1770=EDGE_CURVE('',#1466,#1466,#1378,.T.);
#1771=EDGE_CURVE('',#1466,#1464,#700,.T.);
#1772=EDGE_CURVE('',#1465,#1462,#701,.T.);
#1773=EDGE_CURVE('',#1467,#1467,#1379,.T.);
#1774=EDGE_CURVE('',#1467,#1468,#702,.T.);
#1775=EDGE_CURVE('',#1469,#1469,#1380,.T.);
#1776=EDGE_CURVE('',#1470,#1470,#1381,.T.);
#1777=EDGE_CURVE('',#1471,#1471,#1382,.T.);
#1778=EDGE_CURVE('',#1472,#1472,#1383,.T.);
#1779=EDGE_CURVE('',#1472,#1469,#703,.T.);
#1780=EDGE_CURVE('',#1471,#1467,#704,.T.);
#1781=EDGE_CURVE('',#1473,#1473,#1384,.T.);
#1782=EDGE_CURVE('',#1473,#1474,#705,.T.);
#1783=EDGE_CURVE('',#1475,#1475,#1385,.T.);
#1784=EDGE_CURVE('',#1476,#1476,#1386,.T.);
#1785=EDGE_CURVE('',#1477,#1477,#1387,.T.);
#1786=EDGE_CURVE('',#1477,#1475,#706,.T.);
#1787=EDGE_CURVE('',#1476,#1473,#707,.T.);
#1788=EDGE_CURVE('',#1478,#1478,#1388,.T.);
#1789=EDGE_CURVE('',#1479,#1479,#1389,.F.);
#1790=EDGE_CURVE('',#1480,#1480,#1390,.T.);
#1791=EDGE_CURVE('',#1480,#1478,#708,.T.);
#1792=EDGE_CURVE('',#1481,#1481,#1391,.T.);
#1793=EDGE_CURVE('',#1481,#1482,#709,.T.);
#1794=EDGE_CURVE('',#1470,#1481,#710,.T.);
#1795=EDGE_CURVE('',#1483,#1483,#1392,.T.);
#1796=EDGE_CURVE('',#1484,#1484,#1393,.T.);
#1797=EDGE_CURVE('',#1485,#1485,#1394,.T.);
#1798=EDGE_CURVE('',#1485,#1483,#711,.T.);
#1799=EDGE_CURVE('',#1486,#1486,#1395,.T.);
#1800=EDGE_CURVE('',#1487,#1487,#1396,.F.);
#1801=EDGE_CURVE('',#1488,#1488,#1397,.T.);
#1802=EDGE_CURVE('',#1488,#1486,#712,.T.);
#1803=EDGE_CURVE('',#1489,#1489,#1398,.T.);
#1804=EDGE_CURVE('',#1490,#1490,#1399,.F.);
#1805=EDGE_CURVE('',#1491,#1491,#1400,.T.);
#1806=EDGE_CURVE('',#1491,#1489,#713,.T.);
#1807=EDGE_CURVE('',#1484,#1492,#714,.T.);
#1808=EDGE_CURVE('',#1492,#1492,#1401,.T.);
#1809=EDGE_CURVE('',#1479,#1493,#715,.T.);
#1810=EDGE_CURVE('',#1493,#1493,#1402,.T.);
#1811=EDGE_CURVE('',#1487,#1494,#716,.T.);
#1812=EDGE_CURVE('',#1494,#1494,#1403,.T.);
#1813=EDGE_CURVE('',#1490,#1495,#717,.T.);
#1814=EDGE_CURVE('',#1495,#1495,#1404,.T.);
#1815=EDGE_CURVE('',#1496,#1497,#718,.T.);
#1816=EDGE_CURVE('',#1496,#1498,#719,.T.);
#1817=EDGE_CURVE('',#1499,#1498,#720,.T.);
#1818=EDGE_CURVE('',#1497,#1499,#721,.T.);
#1819=EDGE_CURVE('',#1497,#1500,#722,.T.);
#1820=EDGE_CURVE('',#1501,#1499,#723,.T.);
#1821=EDGE_CURVE('',#1500,#1501,#724,.T.);
#1822=EDGE_CURVE('',#1500,#1502,#725,.T.);
#1823=EDGE_CURVE('',#1503,#1501,#726,.T.);
#1824=EDGE_CURVE('',#1502,#1503,#727,.T.);
#1825=EDGE_CURVE('',#1502,#1496,#728,.T.);
#1826=EDGE_CURVE('',#1498,#1503,#729,.T.);
#1827=EDGE_CURVE('',#1504,#1505,#730,.T.);
#1828=EDGE_CURVE('',#1504,#1506,#731,.T.);
#1829=EDGE_CURVE('',#1507,#1506,#732,.T.);
#1830=EDGE_CURVE('',#1505,#1507,#733,.T.);
#1831=EDGE_CURVE('',#1508,#1504,#734,.T.);
#1832=EDGE_CURVE('',#1508,#1509,#735,.T.);
#1833=EDGE_CURVE('',#1506,#1509,#736,.T.);
#1834=EDGE_CURVE('',#1510,#1508,#737,.T.);
#1835=EDGE_CURVE('',#1510,#1511,#738,.T.);
#1836=EDGE_CURVE('',#1509,#1511,#739,.T.);
#1837=EDGE_CURVE('',#1505,#1510,#740,.T.);
#1838=EDGE_CURVE('',#1511,#1507,#741,.T.);
#1839=EDGE_CURVE('',#1512,#1513,#742,.T.);
#1840=EDGE_CURVE('',#1514,#1512,#743,.T.);
#1841=EDGE_CURVE('',#1515,#1514,#744,.T.);
#1842=EDGE_CURVE('',#1515,#1513,#745,.T.);
#1843=EDGE_CURVE('',#1513,#1516,#746,.T.);
#1844=EDGE_CURVE('',#1517,#1515,#747,.T.);
#1845=EDGE_CURVE('',#1517,#1516,#748,.T.);
#1846=EDGE_CURVE('',#1516,#1518,#749,.T.);
#1847=EDGE_CURVE('',#1519,#1517,#750,.T.);
#1848=EDGE_CURVE('',#1519,#1518,#751,.T.);
#1849=EDGE_CURVE('',#1518,#1512,#752,.T.);
#1850=EDGE_CURVE('',#1514,#1519,#753,.T.);
#1851=EDGE_CURVE('',#1520,#1521,#754,.T.);
#1852=EDGE_CURVE('',#1522,#1520,#755,.T.);
#1853=EDGE_CURVE('',#1523,#1522,#756,.T.);
#1854=EDGE_CURVE('',#1523,#1521,#757,.T.);
#1855=EDGE_CURVE('',#1521,#1524,#758,.T.);
#1856=EDGE_CURVE('',#1525,#1523,#759,.T.);
#1857=EDGE_CURVE('',#1525,#1524,#760,.T.);
#1858=EDGE_CURVE('',#1524,#1526,#761,.T.);
#1859=EDGE_CURVE('',#1527,#1525,#762,.T.);
#1860=EDGE_CURVE('',#1527,#1526,#763,.T.);
#1861=EDGE_CURVE('',#1526,#1520,#764,.T.);
#1862=EDGE_CURVE('',#1522,#1527,#765,.T.);
#1863=EDGE_CURVE('',#1528,#1529,#766,.T.);
#1864=EDGE_CURVE('',#1530,#1528,#767,.T.);
#1865=EDGE_CURVE('',#1531,#1530,#768,.T.);
#1866=EDGE_CURVE('',#1531,#1529,#769,.T.);
#1867=EDGE_CURVE('',#1529,#1532,#770,.T.);
#1868=EDGE_CURVE('',#1533,#1531,#771,.T.);
#1869=EDGE_CURVE('',#1533,#1532,#772,.T.);
#1870=EDGE_CURVE('',#1532,#1534,#773,.T.);
#1871=EDGE_CURVE('',#1535,#1533,#774,.T.);
#1872=EDGE_CURVE('',#1535,#1534,#775,.T.);
#1873=EDGE_CURVE('',#1534,#1528,#776,.T.);
#1874=EDGE_CURVE('',#1530,#1535,#777,.T.);
#1875=EDGE_CURVE('',#1536,#1537,#778,.T.);
#1876=EDGE_CURVE('',#1538,#1536,#779,.T.);
#1877=EDGE_CURVE('',#1539,#1538,#780,.T.);
#1878=EDGE_CURVE('',#1539,#1537,#781,.T.);
#1879=EDGE_CURVE('',#1537,#1540,#782,.T.);
#1880=EDGE_CURVE('',#1541,#1539,#783,.T.);
#1881=EDGE_CURVE('',#1541,#1540,#784,.T.);
#1882=EDGE_CURVE('',#1540,#1542,#785,.T.);
#1883=EDGE_CURVE('',#1543,#1541,#786,.T.);
#1884=EDGE_CURVE('',#1543,#1542,#787,.T.);
#1885=EDGE_CURVE('',#1542,#1536,#788,.T.);
#1886=EDGE_CURVE('',#1538,#1543,#789,.T.);
#1887=EDGE_CURVE('',#1544,#1545,#790,.T.);
#1888=EDGE_CURVE('',#1546,#1544,#791,.T.);
#1889=EDGE_CURVE('',#1547,#1546,#792,.T.);
#1890=EDGE_CURVE('',#1547,#1545,#793,.T.);
#1891=EDGE_CURVE('',#1545,#1548,#794,.T.);
#1892=EDGE_CURVE('',#1549,#1547,#795,.T.);
#1893=EDGE_CURVE('',#1549,#1548,#796,.T.);
#1894=EDGE_CURVE('',#1548,#1550,#797,.T.);
#1895=EDGE_CURVE('',#1551,#1549,#798,.T.);
#1896=EDGE_CURVE('',#1551,#1550,#799,.T.);
#1897=EDGE_CURVE('',#1550,#1544,#800,.T.);
#1898=EDGE_CURVE('',#1546,#1551,#801,.T.);
#1899=EDGE_CURVE('',#1552,#1553,#802,.T.);
#1900=EDGE_CURVE('',#1554,#1552,#803,.T.);
#1901=EDGE_CURVE('',#1555,#1554,#804,.T.);
#1902=EDGE_CURVE('',#1555,#1553,#805,.T.);
#1903=EDGE_CURVE('',#1553,#1556,#806,.T.);
#1904=EDGE_CURVE('',#1557,#1555,#807,.T.);
#1905=EDGE_CURVE('',#1557,#1556,#808,.T.);
#1906=EDGE_CURVE('',#1556,#1558,#809,.T.);
#1907=EDGE_CURVE('',#1559,#1557,#810,.T.);
#1908=EDGE_CURVE('',#1559,#1558,#811,.T.);
#1909=EDGE_CURVE('',#1558,#1552,#812,.T.);
#1910=EDGE_CURVE('',#1554,#1559,#813,.T.);
#1911=EDGE_CURVE('',#1560,#1561,#814,.T.);
#1912=EDGE_CURVE('',#1562,#1560,#815,.T.);
#1913=EDGE_CURVE('',#1563,#1562,#816,.T.);
#1914=EDGE_CURVE('',#1563,#1561,#817,.T.);
#1915=EDGE_CURVE('',#1561,#1564,#818,.T.);
#1916=EDGE_CURVE('',#1565,#1563,#819,.T.);
#1917=EDGE_CURVE('',#1565,#1564,#820,.T.);
#1918=EDGE_CURVE('',#1564,#1566,#821,.T.);
#1919=EDGE_CURVE('',#1567,#1565,#822,.T.);
#1920=EDGE_CURVE('',#1567,#1566,#823,.T.);
#1921=EDGE_CURVE('',#1566,#1560,#824,.T.);
#1922=EDGE_CURVE('',#1562,#1567,#825,.T.);
#1923=EDGE_CURVE('',#1568,#1569,#826,.T.);
#1924=EDGE_CURVE('',#1570,#1568,#827,.T.);
#1925=EDGE_CURVE('',#1571,#1570,#828,.T.);
#1926=EDGE_CURVE('',#1571,#1569,#829,.T.);
#1927=EDGE_CURVE('',#1569,#1572,#830,.T.);
#1928=EDGE_CURVE('',#1573,#1571,#831,.T.);
#1929=EDGE_CURVE('',#1573,#1572,#832,.T.);
#1930=EDGE_CURVE('',#1572,#1574,#833,.T.);
#1931=EDGE_CURVE('',#1575,#1573,#834,.T.);
#1932=EDGE_CURVE('',#1575,#1574,#835,.T.);
#1933=EDGE_CURVE('',#1574,#1568,#836,.T.);
#1934=EDGE_CURVE('',#1570,#1575,#837,.T.);
#1935=EDGE_CURVE('',#1576,#1577,#838,.T.);
#1936=EDGE_CURVE('',#1578,#1576,#839,.T.);
#1937=EDGE_CURVE('',#1579,#1578,#840,.T.);
#1938=EDGE_CURVE('',#1579,#1577,#841,.T.);
#1939=EDGE_CURVE('',#1577,#1580,#842,.T.);
#1940=EDGE_CURVE('',#1581,#1579,#843,.T.);
#1941=EDGE_CURVE('',#1581,#1580,#844,.T.);
#1942=EDGE_CURVE('',#1580,#1582,#845,.T.);
#1943=EDGE_CURVE('',#1583,#1581,#846,.T.);
#1944=EDGE_CURVE('',#1583,#1582,#847,.T.);
#1945=EDGE_CURVE('',#1582,#1576,#848,.T.);
#1946=EDGE_CURVE('',#1578,#1583,#849,.T.);
#1947=EDGE_CURVE('',#1584,#1585,#850,.T.);
#1948=EDGE_CURVE('',#1586,#1584,#851,.T.);
#1949=EDGE_CURVE('',#1587,#1586,#852,.T.);
#1950=EDGE_CURVE('',#1587,#1585,#853,.T.);
#1951=EDGE_CURVE('',#1585,#1588,#854,.T.);
#1952=EDGE_CURVE('',#1589,#1587,#855,.T.);
#1953=EDGE_CURVE('',#1589,#1588,#856,.T.);
#1954=EDGE_CURVE('',#1588,#1590,#857,.T.);
#1955=EDGE_CURVE('',#1591,#1589,#858,.T.);
#1956=EDGE_CURVE('',#1591,#1590,#859,.T.);
#1957=EDGE_CURVE('',#1590,#1584,#860,.T.);
#1958=EDGE_CURVE('',#1586,#1591,#861,.T.);
#1959=EDGE_CURVE('',#1592,#1593,#862,.T.);
#1960=EDGE_CURVE('',#1594,#1592,#863,.T.);
#1961=EDGE_CURVE('',#1595,#1594,#864,.T.);
#1962=EDGE_CURVE('',#1595,#1593,#865,.T.);
#1963=EDGE_CURVE('',#1593,#1596,#866,.T.);
#1964=EDGE_CURVE('',#1597,#1595,#867,.T.);
#1965=EDGE_CURVE('',#1597,#1596,#868,.T.);
#1966=EDGE_CURVE('',#1596,#1598,#869,.T.);
#1967=EDGE_CURVE('',#1599,#1597,#870,.T.);
#1968=EDGE_CURVE('',#1599,#1598,#871,.T.);
#1969=EDGE_CURVE('',#1598,#1592,#872,.T.);
#1970=EDGE_CURVE('',#1594,#1599,#873,.T.);
#1971=EDGE_CURVE('',#1600,#1601,#874,.T.);
#1972=EDGE_CURVE('',#1602,#1600,#875,.T.);
#1973=EDGE_CURVE('',#1603,#1602,#876,.T.);
#1974=EDGE_CURVE('',#1603,#1601,#877,.T.);
#1975=EDGE_CURVE('',#1601,#1604,#878,.T.);
#1976=EDGE_CURVE('',#1605,#1603,#879,.T.);
#1977=EDGE_CURVE('',#1605,#1604,#880,.T.);
#1978=EDGE_CURVE('',#1604,#1606,#881,.T.);
#1979=EDGE_CURVE('',#1607,#1605,#882,.T.);
#1980=EDGE_CURVE('',#1607,#1606,#883,.T.);
#1981=EDGE_CURVE('',#1606,#1600,#884,.T.);
#1982=EDGE_CURVE('',#1602,#1607,#885,.T.);
#1983=EDGE_CURVE('',#1608,#1609,#886,.T.);
#1984=EDGE_CURVE('',#1610,#1608,#887,.T.);
#1985=EDGE_CURVE('',#1611,#1610,#888,.T.);
#1986=EDGE_CURVE('',#1611,#1609,#889,.T.);
#1987=EDGE_CURVE('',#1609,#1612,#890,.T.);
#1988=EDGE_CURVE('',#1613,#1611,#891,.T.);
#1989=EDGE_CURVE('',#1613,#1612,#892,.T.);
#1990=EDGE_CURVE('',#1612,#1614,#893,.T.);
#1991=EDGE_CURVE('',#1615,#1613,#894,.T.);
#1992=EDGE_CURVE('',#1615,#1614,#895,.T.);
#1993=EDGE_CURVE('',#1614,#1608,#896,.T.);
#1994=EDGE_CURVE('',#1610,#1615,#897,.T.);
#1995=EDGE_CURVE('',#1616,#1617,#898,.T.);
#1996=EDGE_CURVE('',#1618,#1616,#899,.T.);
#1997=EDGE_CURVE('',#1619,#1618,#900,.T.);
#1998=EDGE_CURVE('',#1619,#1617,#901,.T.);
#1999=EDGE_CURVE('',#1617,#1620,#902,.T.);
#2000=EDGE_CURVE('',#1621,#1619,#903,.T.);
#2001=EDGE_CURVE('',#1621,#1620,#904,.T.);
#2002=EDGE_CURVE('',#1620,#1622,#905,.T.);
#2003=EDGE_CURVE('',#1623,#1621,#906,.T.);
#2004=EDGE_CURVE('',#1623,#1622,#907,.T.);
#2005=EDGE_CURVE('',#1622,#1616,#908,.T.);
#2006=EDGE_CURVE('',#1618,#1623,#909,.T.);
#2007=EDGE_CURVE('',#1624,#1625,#910,.T.);
#2008=EDGE_CURVE('',#1626,#1624,#911,.T.);
#2009=EDGE_CURVE('',#1627,#1626,#912,.T.);
#2010=EDGE_CURVE('',#1627,#1625,#913,.T.);
#2011=EDGE_CURVE('',#1625,#1628,#914,.T.);
#2012=EDGE_CURVE('',#1629,#1627,#915,.T.);
#2013=EDGE_CURVE('',#1629,#1628,#916,.T.);
#2014=EDGE_CURVE('',#1628,#1630,#917,.T.);
#2015=EDGE_CURVE('',#1631,#1629,#918,.T.);
#2016=EDGE_CURVE('',#1631,#1630,#919,.T.);
#2017=EDGE_CURVE('',#1630,#1624,#920,.T.);
#2018=EDGE_CURVE('',#1626,#1631,#921,.T.);
#2019=EDGE_CURVE('',#1632,#1633,#922,.T.);
#2020=EDGE_CURVE('',#1634,#1632,#923,.T.);
#2021=EDGE_CURVE('',#1635,#1634,#924,.T.);
#2022=EDGE_CURVE('',#1635,#1633,#925,.T.);
#2023=EDGE_CURVE('',#1633,#1636,#926,.T.);
#2024=EDGE_CURVE('',#1637,#1635,#927,.T.);
#2025=EDGE_CURVE('',#1637,#1636,#928,.T.);
#2026=EDGE_CURVE('',#1636,#1638,#929,.T.);
#2027=EDGE_CURVE('',#1639,#1637,#930,.T.);
#2028=EDGE_CURVE('',#1639,#1638,#931,.T.);
#2029=EDGE_CURVE('',#1638,#1632,#932,.T.);
#2030=EDGE_CURVE('',#1634,#1639,#933,.T.);
#2031=EDGE_CURVE('',#1640,#1641,#934,.T.);
#2032=EDGE_CURVE('',#1642,#1640,#935,.T.);
#2033=EDGE_CURVE('',#1643,#1642,#936,.T.);
#2034=EDGE_CURVE('',#1643,#1641,#937,.T.);
#2035=EDGE_CURVE('',#1641,#1644,#938,.T.);
#2036=EDGE_CURVE('',#1645,#1643,#939,.T.);
#2037=EDGE_CURVE('',#1645,#1644,#940,.T.);
#2038=EDGE_CURVE('',#1644,#1646,#941,.T.);
#2039=EDGE_CURVE('',#1647,#1645,#942,.T.);
#2040=EDGE_CURVE('',#1647,#1646,#943,.T.);
#2041=EDGE_CURVE('',#1646,#1640,#944,.T.);
#2042=EDGE_CURVE('',#1642,#1647,#945,.T.);
#2043=EDGE_CURVE('',#1648,#1649,#946,.T.);
#2044=EDGE_CURVE('',#1650,#1648,#947,.T.);
#2045=EDGE_CURVE('',#1651,#1650,#948,.T.);
#2046=EDGE_CURVE('',#1651,#1649,#949,.T.);
#2047=EDGE_CURVE('',#1649,#1652,#950,.T.);
#2048=EDGE_CURVE('',#1653,#1651,#951,.T.);
#2049=EDGE_CURVE('',#1653,#1652,#952,.T.);
#2050=EDGE_CURVE('',#1652,#1654,#953,.T.);
#2051=EDGE_CURVE('',#1655,#1653,#954,.T.);
#2052=EDGE_CURVE('',#1655,#1654,#955,.T.);
#2053=EDGE_CURVE('',#1654,#1648,#956,.T.);
#2054=EDGE_CURVE('',#1650,#1655,#957,.T.);
#2055=EDGE_CURVE('',#1656,#1657,#958,.T.);
#2056=EDGE_CURVE('',#1658,#1656,#959,.T.);
#2057=EDGE_CURVE('',#1659,#1658,#960,.T.);
#2058=EDGE_CURVE('',#1659,#1657,#961,.T.);
#2059=EDGE_CURVE('',#1657,#1660,#962,.T.);
#2060=EDGE_CURVE('',#1661,#1659,#963,.T.);
#2061=EDGE_CURVE('',#1661,#1660,#964,.T.);
#2062=EDGE_CURVE('',#1660,#1662,#965,.T.);
#2063=EDGE_CURVE('',#1663,#1661,#966,.T.);
#2064=EDGE_CURVE('',#1663,#1662,#967,.T.);
#2065=EDGE_CURVE('',#1662,#1656,#968,.T.);
#2066=EDGE_CURVE('',#1658,#1663,#969,.T.);
#2067=EDGE_CURVE('',#1664,#1665,#970,.T.);
#2068=EDGE_CURVE('',#1666,#1664,#971,.T.);
#2069=EDGE_CURVE('',#1667,#1666,#972,.T.);
#2070=EDGE_CURVE('',#1667,#1665,#973,.T.);
#2071=EDGE_CURVE('',#1665,#1668,#974,.T.);
#2072=EDGE_CURVE('',#1669,#1667,#975,.T.);
#2073=EDGE_CURVE('',#1669,#1668,#976,.T.);
#2074=EDGE_CURVE('',#1668,#1670,#977,.T.);
#2075=EDGE_CURVE('',#1671,#1669,#978,.T.);
#2076=EDGE_CURVE('',#1671,#1670,#979,.T.);
#2077=EDGE_CURVE('',#1670,#1664,#980,.T.);
#2078=EDGE_CURVE('',#1666,#1671,#981,.T.);
#2079=EDGE_CURVE('',#1672,#1673,#982,.T.);
#2080=EDGE_CURVE('',#1672,#1674,#983,.T.);
#2081=EDGE_CURVE('',#1675,#1674,#984,.T.);
#2082=EDGE_CURVE('',#1673,#1675,#985,.T.);
#2083=EDGE_CURVE('',#1673,#1676,#986,.T.);
#2084=EDGE_CURVE('',#1677,#1675,#987,.T.);
#2085=EDGE_CURVE('',#1676,#1677,#988,.T.);
#2086=EDGE_CURVE('',#1676,#1678,#989,.T.);
#2087=EDGE_CURVE('',#1679,#1677,#990,.T.);
#2088=EDGE_CURVE('',#1678,#1679,#991,.T.);
#2089=EDGE_CURVE('',#1678,#1672,#992,.T.);
#2090=EDGE_CURVE('',#1674,#1679,#993,.T.);
#2091=ORIENTED_EDGE('',*,*,#1680,.F.);
#2092=ORIENTED_EDGE('',*,*,#1681,.T.);
#2093=ORIENTED_EDGE('',*,*,#1682,.F.);
#2094=ORIENTED_EDGE('',*,*,#1681,.F.);
#2095=ORIENTED_EDGE('',*,*,#1683,.F.);
#2096=ORIENTED_EDGE('',*,*,#1684,.T.);
#2097=ORIENTED_EDGE('',*,*,#1685,.F.);
#2098=ORIENTED_EDGE('',*,*,#1684,.F.);
#2099=ORIENTED_EDGE('',*,*,#1686,.F.);
#2100=ORIENTED_EDGE('',*,*,#1687,.T.);
#2101=ORIENTED_EDGE('',*,*,#1688,.F.);
#2102=ORIENTED_EDGE('',*,*,#1687,.F.);
#2103=ORIENTED_EDGE('',*,*,#1689,.F.);
#2104=ORIENTED_EDGE('',*,*,#1690,.F.);
#2105=ORIENTED_EDGE('',*,*,#1691,.F.);
#2106=ORIENTED_EDGE('',*,*,#1692,.F.);
#2107=ORIENTED_EDGE('',*,*,#1690,.T.);
#2108=ORIENTED_EDGE('',*,*,#1693,.F.);
#2109=ORIENTED_EDGE('',*,*,#1694,.T.);
#2110=ORIENTED_EDGE('',*,*,#1695,.F.);
#2111=ORIENTED_EDGE('',*,*,#1694,.F.);
#2112=ORIENTED_EDGE('',*,*,#1696,.F.);
#2113=ORIENTED_EDGE('',*,*,#1697,.T.);
#2114=ORIENTED_EDGE('',*,*,#1698,.F.);
#2115=ORIENTED_EDGE('',*,*,#1697,.F.);
#2116=ORIENTED_EDGE('',*,*,#1699,.F.);
#2117=ORIENTED_EDGE('',*,*,#1700,.F.);
#2118=ORIENTED_EDGE('',*,*,#1701,.F.);
#2119=ORIENTED_EDGE('',*,*,#1702,.F.);
#2120=ORIENTED_EDGE('',*,*,#1683,.T.);
#2121=ORIENTED_EDGE('',*,*,#1686,.T.);
#2122=ORIENTED_EDGE('',*,*,#1692,.T.);
#2123=ORIENTED_EDGE('',*,*,#1693,.T.);
#2124=ORIENTED_EDGE('',*,*,#1703,.F.);
#2125=ORIENTED_EDGE('',*,*,#1704,.F.);
#2126=ORIENTED_EDGE('',*,*,#1705,.F.);
#2127=ORIENTED_EDGE('',*,*,#1706,.F.);
#2128=ORIENTED_EDGE('',*,*,#1696,.T.);
#2129=ORIENTED_EDGE('',*,*,#1704,.T.);
#2130=ORIENTED_EDGE('',*,*,#1707,.T.);
#2131=ORIENTED_EDGE('',*,*,#1708,.F.);
#2132=ORIENTED_EDGE('',*,*,#1709,.F.);
#2133=ORIENTED_EDGE('',*,*,#1703,.T.);
#2134=ORIENTED_EDGE('',*,*,#1689,.T.);
#2135=ORIENTED_EDGE('',*,*,#1710,.T.);
#2136=ORIENTED_EDGE('',*,*,#1711,.F.);
#2137=ORIENTED_EDGE('',*,*,#1707,.F.);
#2138=ORIENTED_EDGE('',*,*,#1701,.T.);
#2139=ORIENTED_EDGE('',*,*,#1712,.T.);
#2140=ORIENTED_EDGE('',*,*,#1713,.F.);
#2141=ORIENTED_EDGE('',*,*,#1714,.F.);
#2142=ORIENTED_EDGE('',*,*,#1700,.T.);
#2143=ORIENTED_EDGE('',*,*,#1715,.T.);
#2144=ORIENTED_EDGE('',*,*,#1716,.F.);
#2145=ORIENTED_EDGE('',*,*,#1712,.F.);
#2146=ORIENTED_EDGE('',*,*,#1691,.T.);
#2147=ORIENTED_EDGE('',*,*,#1706,.T.);
#2148=ORIENTED_EDGE('',*,*,#1717,.T.);
#2149=ORIENTED_EDGE('',*,*,#1718,.F.);
#2150=ORIENTED_EDGE('',*,*,#1710,.F.);
#2151=ORIENTED_EDGE('',*,*,#1705,.T.);
#2152=ORIENTED_EDGE('',*,*,#1709,.T.);
#2153=ORIENTED_EDGE('',*,*,#1719,.F.);
#2154=ORIENTED_EDGE('',*,*,#1717,.F.);
#2155=ORIENTED_EDGE('',*,*,#1718,.T.);
#2156=ORIENTED_EDGE('',*,*,#1719,.T.);
#2157=ORIENTED_EDGE('',*,*,#1708,.T.);
#2158=ORIENTED_EDGE('',*,*,#1711,.T.);
#2159=ORIENTED_EDGE('',*,*,#1720,.T.);
#2160=ORIENTED_EDGE('',*,*,#1721,.T.);
#2161=ORIENTED_EDGE('',*,*,#1722,.T.);
#2162=ORIENTED_EDGE('',*,*,#1723,.T.);
#2163=ORIENTED_EDGE('',*,*,#1724,.T.);
#2164=ORIENTED_EDGE('',*,*,#1725,.T.);
#2165=ORIENTED_EDGE('',*,*,#1726,.T.);
#2166=ORIENTED_EDGE('',*,*,#1727,.T.);
#2167=ORIENTED_EDGE('',*,*,#1728,.T.);
#2168=ORIENTED_EDGE('',*,*,#1713,.T.);
#2169=ORIENTED_EDGE('',*,*,#1716,.T.);
#2170=ORIENTED_EDGE('',*,*,#1729,.T.);
#2171=ORIENTED_EDGE('',*,*,#1699,.T.);
#2172=ORIENTED_EDGE('',*,*,#1730,.T.);
#2173=ORIENTED_EDGE('',*,*,#1729,.F.);
#2174=ORIENTED_EDGE('',*,*,#1715,.F.);
#2175=ORIENTED_EDGE('',*,*,#1702,.T.);
#2176=ORIENTED_EDGE('',*,*,#1714,.T.);
#2177=ORIENTED_EDGE('',*,*,#1728,.F.);
#2178=ORIENTED_EDGE('',*,*,#1730,.F.);
#2179=ORIENTED_EDGE('',*,*,#1731,.T.);
#2180=ORIENTED_EDGE('',*,*,#1732,.T.);
#2181=ORIENTED_EDGE('',*,*,#1723,.F.);
#2182=ORIENTED_EDGE('',*,*,#1733,.F.);
#2183=ORIENTED_EDGE('',*,*,#1734,.T.);
#2184=ORIENTED_EDGE('',*,*,#1733,.T.);
#2185=ORIENTED_EDGE('',*,*,#1722,.F.);
#2186=ORIENTED_EDGE('',*,*,#1735,.F.);
#2187=ORIENTED_EDGE('',*,*,#1682,.T.);
#2188=ORIENTED_EDGE('',*,*,#1736,.T.);
#2189=ORIENTED_EDGE('',*,*,#1735,.T.);
#2190=ORIENTED_EDGE('',*,*,#1721,.F.);
#2191=ORIENTED_EDGE('',*,*,#1737,.F.);
#2192=ORIENTED_EDGE('',*,*,#1738,.T.);
#2193=ORIENTED_EDGE('',*,*,#1737,.T.);
#2194=ORIENTED_EDGE('',*,*,#1720,.F.);
#2195=ORIENTED_EDGE('',*,*,#1732,.F.);
#2196=ORIENTED_EDGE('',*,*,#1739,.F.);
#2197=ORIENTED_EDGE('',*,*,#1740,.T.);
#2198=ORIENTED_EDGE('',*,*,#1727,.F.);
#2199=ORIENTED_EDGE('',*,*,#1741,.F.);
#2200=ORIENTED_EDGE('',*,*,#1742,.F.);
#2201=ORIENTED_EDGE('',*,*,#1741,.T.);
#2202=ORIENTED_EDGE('',*,*,#1726,.F.);
#2203=ORIENTED_EDGE('',*,*,#1743,.F.);
#2204=ORIENTED_EDGE('',*,*,#1680,.T.);
#2205=ORIENTED_EDGE('',*,*,#1744,.F.);
#2206=ORIENTED_EDGE('',*,*,#1743,.T.);
#2207=ORIENTED_EDGE('',*,*,#1725,.F.);
#2208=ORIENTED_EDGE('',*,*,#1745,.F.);
#2209=ORIENTED_EDGE('',*,*,#1746,.F.);
#2210=ORIENTED_EDGE('',*,*,#1745,.T.);
#2211=ORIENTED_EDGE('',*,*,#1724,.F.);
#2212=ORIENTED_EDGE('',*,*,#1740,.F.);
#2213=ORIENTED_EDGE('',*,*,#1746,.T.);
#2214=ORIENTED_EDGE('',*,*,#1739,.T.);
#2215=ORIENTED_EDGE('',*,*,#1742,.T.);
#2216=ORIENTED_EDGE('',*,*,#1744,.T.);
#2217=ORIENTED_EDGE('',*,*,#1685,.T.);
#2218=ORIENTED_EDGE('',*,*,#1688,.T.);
#2219=ORIENTED_EDGE('',*,*,#1695,.T.);
#2220=ORIENTED_EDGE('',*,*,#1698,.T.);
#2221=ORIENTED_EDGE('',*,*,#1738,.F.);
#2222=ORIENTED_EDGE('',*,*,#1731,.F.);
#2223=ORIENTED_EDGE('',*,*,#1734,.F.);
#2224=ORIENTED_EDGE('',*,*,#1736,.F.);
#2225=ORIENTED_EDGE('',*,*,#1747,.F.);
#2226=ORIENTED_EDGE('',*,*,#1748,.T.);
#2227=ORIENTED_EDGE('',*,*,#1749,.T.);
#2228=ORIENTED_EDGE('',*,*,#1748,.F.);
#2229=ORIENTED_EDGE('',*,*,#1749,.F.);
#2230=ORIENTED_EDGE('',*,*,#1750,.F.);
#2231=ORIENTED_EDGE('',*,*,#1751,.T.);
#2232=ORIENTED_EDGE('',*,*,#1752,.T.);
#2233=ORIENTED_EDGE('',*,*,#1751,.F.);
#2234=ORIENTED_EDGE('',*,*,#1752,.F.);
#2235=ORIENTED_EDGE('',*,*,#1753,.F.);
#2236=ORIENTED_EDGE('',*,*,#1754,.T.);
#2237=ORIENTED_EDGE('',*,*,#1755,.T.);
#2238=ORIENTED_EDGE('',*,*,#1754,.F.);
#2239=ORIENTED_EDGE('',*,*,#1755,.F.);
#2240=ORIENTED_EDGE('',*,*,#1756,.F.);
#2241=ORIENTED_EDGE('',*,*,#1757,.T.);
#2242=ORIENTED_EDGE('',*,*,#1758,.T.);
#2243=ORIENTED_EDGE('',*,*,#1757,.F.);
#2244=ORIENTED_EDGE('',*,*,#1758,.F.);
#2245=ORIENTED_EDGE('',*,*,#1759,.F.);
#2246=ORIENTED_EDGE('',*,*,#1760,.T.);
#2247=ORIENTED_EDGE('',*,*,#1760,.F.);
#2248=ORIENTED_EDGE('',*,*,#1761,.F.);
#2249=ORIENTED_EDGE('',*,*,#1762,.T.);
#2250=ORIENTED_EDGE('',*,*,#1763,.F.);
#2251=ORIENTED_EDGE('',*,*,#1764,.T.);
#2252=ORIENTED_EDGE('',*,*,#1761,.T.);
#2253=ORIENTED_EDGE('',*,*,#1764,.F.);
#2254=ORIENTED_EDGE('',*,*,#1762,.F.);
#2255=ORIENTED_EDGE('',*,*,#1765,.T.);
#2256=ORIENTED_EDGE('',*,*,#1759,.T.);
#2257=ORIENTED_EDGE('',*,*,#1765,.F.);
#2258=ORIENTED_EDGE('',*,*,#1766,.F.);
#2259=ORIENTED_EDGE('',*,*,#1767,.T.);
#2260=ORIENTED_EDGE('',*,*,#1767,.F.);
#2261=ORIENTED_EDGE('',*,*,#1768,.F.);
#2262=ORIENTED_EDGE('',*,*,#1769,.T.);
#2263=ORIENTED_EDGE('',*,*,#1770,.F.);
#2264=ORIENTED_EDGE('',*,*,#1771,.T.);
#2265=ORIENTED_EDGE('',*,*,#1768,.T.);
#2266=ORIENTED_EDGE('',*,*,#1771,.F.);
#2267=ORIENTED_EDGE('',*,*,#1769,.F.);
#2268=ORIENTED_EDGE('',*,*,#1772,.T.);
#2269=ORIENTED_EDGE('',*,*,#1766,.T.);
#2270=ORIENTED_EDGE('',*,*,#1772,.F.);
#2271=ORIENTED_EDGE('',*,*,#1773,.F.);
#2272=ORIENTED_EDGE('',*,*,#1774,.T.);
#2273=ORIENTED_EDGE('',*,*,#1774,.F.);
#2274=ORIENTED_EDGE('',*,*,#1775,.F.);
#2275=ORIENTED_EDGE('',*,*,#1776,.F.);
#2276=ORIENTED_EDGE('',*,*,#1777,.T.);
#2277=ORIENTED_EDGE('',*,*,#1778,.F.);
#2278=ORIENTED_EDGE('',*,*,#1779,.T.);
#2279=ORIENTED_EDGE('',*,*,#1775,.T.);
#2280=ORIENTED_EDGE('',*,*,#1779,.F.);
#2281=ORIENTED_EDGE('',*,*,#1777,.F.);
#2282=ORIENTED_EDGE('',*,*,#1780,.T.);
#2283=ORIENTED_EDGE('',*,*,#1773,.T.);
#2284=ORIENTED_EDGE('',*,*,#1780,.F.);
#2285=ORIENTED_EDGE('',*,*,#1781,.F.);
#2286=ORIENTED_EDGE('',*,*,#1782,.T.);
#2287=ORIENTED_EDGE('',*,*,#1782,.F.);
#2288=ORIENTED_EDGE('',*,*,#1783,.F.);
#2289=ORIENTED_EDGE('',*,*,#1784,.T.);
#2290=ORIENTED_EDGE('',*,*,#1785,.F.);
#2291=ORIENTED_EDGE('',*,*,#1786,.T.);
#2292=ORIENTED_EDGE('',*,*,#1783,.T.);
#2293=ORIENTED_EDGE('',*,*,#1786,.F.);
#2294=ORIENTED_EDGE('',*,*,#1784,.F.);
#2295=ORIENTED_EDGE('',*,*,#1787,.T.);
#2296=ORIENTED_EDGE('',*,*,#1781,.T.);
#2297=ORIENTED_EDGE('',*,*,#1787,.F.);
#2298=ORIENTED_EDGE('',*,*,#1788,.T.);
#2299=ORIENTED_EDGE('',*,*,#1789,.T.);
#2300=ORIENTED_EDGE('',*,*,#1790,.F.);
#2301=ORIENTED_EDGE('',*,*,#1791,.T.);
#2302=ORIENTED_EDGE('',*,*,#1788,.F.);
#2303=ORIENTED_EDGE('',*,*,#1791,.F.);
#2304=ORIENTED_EDGE('',*,*,#1790,.T.);
#2305=ORIENTED_EDGE('',*,*,#1785,.T.);
#2306=ORIENTED_EDGE('',*,*,#1792,.F.);
#2307=ORIENTED_EDGE('',*,*,#1793,.T.);
#2308=ORIENTED_EDGE('',*,*,#1793,.F.);
#2309=ORIENTED_EDGE('',*,*,#1776,.T.);
#2310=ORIENTED_EDGE('',*,*,#1794,.T.);
#2311=ORIENTED_EDGE('',*,*,#1792,.T.);
#2312=ORIENTED_EDGE('',*,*,#1794,.F.);
#2313=ORIENTED_EDGE('',*,*,#1795,.T.);
#2314=ORIENTED_EDGE('',*,*,#1796,.T.);
#2315=ORIENTED_EDGE('',*,*,#1797,.F.);
#2316=ORIENTED_EDGE('',*,*,#1798,.T.);
#2317=ORIENTED_EDGE('',*,*,#1795,.F.);
#2318=ORIENTED_EDGE('',*,*,#1798,.F.);
#2319=ORIENTED_EDGE('',*,*,#1797,.T.);
#2320=ORIENTED_EDGE('',*,*,#1763,.T.);
#2321=ORIENTED_EDGE('',*,*,#1799,.T.);
#2322=ORIENTED_EDGE('',*,*,#1800,.T.);
#2323=ORIENTED_EDGE('',*,*,#1801,.F.);
#2324=ORIENTED_EDGE('',*,*,#1802,.T.);
#2325=ORIENTED_EDGE('',*,*,#1799,.F.);
#2326=ORIENTED_EDGE('',*,*,#1802,.F.);
#2327=ORIENTED_EDGE('',*,*,#1801,.T.);
#2328=ORIENTED_EDGE('',*,*,#1778,.T.);
#2329=ORIENTED_EDGE('',*,*,#1803,.T.);
#2330=ORIENTED_EDGE('',*,*,#1804,.T.);
#2331=ORIENTED_EDGE('',*,*,#1805,.F.);
#2332=ORIENTED_EDGE('',*,*,#1806,.T.);
#2333=ORIENTED_EDGE('',*,*,#1803,.F.);
#2334=ORIENTED_EDGE('',*,*,#1806,.F.);
#2335=ORIENTED_EDGE('',*,*,#1805,.T.);
#2336=ORIENTED_EDGE('',*,*,#1770,.T.);
#2337=ORIENTED_EDGE('',*,*,#1796,.F.);
#2338=ORIENTED_EDGE('',*,*,#1807,.T.);
#2339=ORIENTED_EDGE('',*,*,#1808,.F.);
#2340=ORIENTED_EDGE('',*,*,#1807,.F.);
#2341=ORIENTED_EDGE('',*,*,#1789,.F.);
#2342=ORIENTED_EDGE('',*,*,#1809,.T.);
#2343=ORIENTED_EDGE('',*,*,#1810,.F.);
#2344=ORIENTED_EDGE('',*,*,#1809,.F.);
#2345=ORIENTED_EDGE('',*,*,#1800,.F.);
#2346=ORIENTED_EDGE('',*,*,#1811,.T.);
#2347=ORIENTED_EDGE('',*,*,#1812,.F.);
#2348=ORIENTED_EDGE('',*,*,#1811,.F.);
#2349=ORIENTED_EDGE('',*,*,#1804,.F.);
#2350=ORIENTED_EDGE('',*,*,#1813,.T.);
#2351=ORIENTED_EDGE('',*,*,#1814,.F.);
#2352=ORIENTED_EDGE('',*,*,#1813,.F.);
#2353=ORIENTED_EDGE('',*,*,#1815,.F.);
#2354=ORIENTED_EDGE('',*,*,#1816,.T.);
#2355=ORIENTED_EDGE('',*,*,#1817,.F.);
#2356=ORIENTED_EDGE('',*,*,#1818,.F.);
#2357=ORIENTED_EDGE('',*,*,#1819,.F.);
#2358=ORIENTED_EDGE('',*,*,#1818,.T.);
#2359=ORIENTED_EDGE('',*,*,#1820,.F.);
#2360=ORIENTED_EDGE('',*,*,#1821,.F.);
#2361=ORIENTED_EDGE('',*,*,#1822,.F.);
#2362=ORIENTED_EDGE('',*,*,#1821,.T.);
#2363=ORIENTED_EDGE('',*,*,#1823,.F.);
#2364=ORIENTED_EDGE('',*,*,#1824,.F.);
#2365=ORIENTED_EDGE('',*,*,#1825,.F.);
#2366=ORIENTED_EDGE('',*,*,#1824,.T.);
#2367=ORIENTED_EDGE('',*,*,#1826,.F.);
#2368=ORIENTED_EDGE('',*,*,#1816,.F.);
#2369=ORIENTED_EDGE('',*,*,#1826,.T.);
#2370=ORIENTED_EDGE('',*,*,#1823,.T.);
#2371=ORIENTED_EDGE('',*,*,#1820,.T.);
#2372=ORIENTED_EDGE('',*,*,#1817,.T.);
#2373=ORIENTED_EDGE('',*,*,#1814,.T.);
#2374=ORIENTED_EDGE('',*,*,#1812,.T.);
#2375=ORIENTED_EDGE('',*,*,#1810,.T.);
#2376=ORIENTED_EDGE('',*,*,#1808,.T.);
#2377=ORIENTED_EDGE('',*,*,#1756,.T.);
#2378=ORIENTED_EDGE('',*,*,#1753,.T.);
#2379=ORIENTED_EDGE('',*,*,#1750,.T.);
#2380=ORIENTED_EDGE('',*,*,#1747,.T.);
#2381=ORIENTED_EDGE('',*,*,#1825,.T.);
#2382=ORIENTED_EDGE('',*,*,#1815,.T.);
#2383=ORIENTED_EDGE('',*,*,#1819,.T.);
#2384=ORIENTED_EDGE('',*,*,#1822,.T.);
#2385=ORIENTED_EDGE('',*,*,#1827,.F.);
#2386=ORIENTED_EDGE('',*,*,#1828,.T.);
#2387=ORIENTED_EDGE('',*,*,#1829,.F.);
#2388=ORIENTED_EDGE('',*,*,#1830,.F.);
#2389=ORIENTED_EDGE('',*,*,#1831,.F.);
#2390=ORIENTED_EDGE('',*,*,#1832,.T.);
#2391=ORIENTED_EDGE('',*,*,#1833,.F.);
#2392=ORIENTED_EDGE('',*,*,#1828,.F.);
#2393=ORIENTED_EDGE('',*,*,#1834,.F.);
#2394=ORIENTED_EDGE('',*,*,#1835,.T.);
#2395=ORIENTED_EDGE('',*,*,#1836,.F.);
#2396=ORIENTED_EDGE('',*,*,#1832,.F.);
#2397=ORIENTED_EDGE('',*,*,#1837,.F.);
#2398=ORIENTED_EDGE('',*,*,#1830,.T.);
#2399=ORIENTED_EDGE('',*,*,#1838,.F.);
#2400=ORIENTED_EDGE('',*,*,#1835,.F.);
#2401=ORIENTED_EDGE('',*,*,#1839,.F.);
#2402=ORIENTED_EDGE('',*,*,#1840,.F.);
#2403=ORIENTED_EDGE('',*,*,#1841,.F.);
#2404=ORIENTED_EDGE('',*,*,#1842,.T.);
#2405=ORIENTED_EDGE('',*,*,#1843,.F.);
#2406=ORIENTED_EDGE('',*,*,#1842,.F.);
#2407=ORIENTED_EDGE('',*,*,#1844,.F.);
#2408=ORIENTED_EDGE('',*,*,#1845,.T.);
#2409=ORIENTED_EDGE('',*,*,#1846,.F.);
#2410=ORIENTED_EDGE('',*,*,#1845,.F.);
#2411=ORIENTED_EDGE('',*,*,#1847,.F.);
#2412=ORIENTED_EDGE('',*,*,#1848,.T.);
#2413=ORIENTED_EDGE('',*,*,#1849,.F.);
#2414=ORIENTED_EDGE('',*,*,#1848,.F.);
#2415=ORIENTED_EDGE('',*,*,#1850,.F.);
#2416=ORIENTED_EDGE('',*,*,#1840,.T.);
#2417=ORIENTED_EDGE('',*,*,#1851,.F.);
#2418=ORIENTED_EDGE('',*,*,#1852,.F.);
#2419=ORIENTED_EDGE('',*,*,#1853,.F.);
#2420=ORIENTED_EDGE('',*,*,#1854,.T.);
#2421=ORIENTED_EDGE('',*,*,#1855,.F.);
#2422=ORIENTED_EDGE('',*,*,#1854,.F.);
#2423=ORIENTED_EDGE('',*,*,#1856,.F.);
#2424=ORIENTED_EDGE('',*,*,#1857,.T.);
#2425=ORIENTED_EDGE('',*,*,#1858,.F.);
#2426=ORIENTED_EDGE('',*,*,#1857,.F.);
#2427=ORIENTED_EDGE('',*,*,#1859,.F.);
#2428=ORIENTED_EDGE('',*,*,#1860,.T.);
#2429=ORIENTED_EDGE('',*,*,#1861,.F.);
#2430=ORIENTED_EDGE('',*,*,#1860,.F.);
#2431=ORIENTED_EDGE('',*,*,#1862,.F.);
#2432=ORIENTED_EDGE('',*,*,#1852,.T.);
#2433=ORIENTED_EDGE('',*,*,#1863,.F.);
#2434=ORIENTED_EDGE('',*,*,#1864,.F.);
#2435=ORIENTED_EDGE('',*,*,#1865,.F.);
#2436=ORIENTED_EDGE('',*,*,#1866,.T.);
#2437=ORIENTED_EDGE('',*,*,#1867,.F.);
#2438=ORIENTED_EDGE('',*,*,#1866,.F.);
#2439=ORIENTED_EDGE('',*,*,#1868,.F.);
#2440=ORIENTED_EDGE('',*,*,#1869,.T.);
#2441=ORIENTED_EDGE('',*,*,#1870,.F.);
#2442=ORIENTED_EDGE('',*,*,#1869,.F.);
#2443=ORIENTED_EDGE('',*,*,#1871,.F.);
#2444=ORIENTED_EDGE('',*,*,#1872,.T.);
#2445=ORIENTED_EDGE('',*,*,#1873,.F.);
#2446=ORIENTED_EDGE('',*,*,#1872,.F.);
#2447=ORIENTED_EDGE('',*,*,#1874,.F.);
#2448=ORIENTED_EDGE('',*,*,#1864,.T.);
#2449=ORIENTED_EDGE('',*,*,#1875,.F.);
#2450=ORIENTED_EDGE('',*,*,#1876,.F.);
#2451=ORIENTED_EDGE('',*,*,#1877,.F.);
#2452=ORIENTED_EDGE('',*,*,#1878,.T.);
#2453=ORIENTED_EDGE('',*,*,#1879,.F.);
#2454=ORIENTED_EDGE('',*,*,#1878,.F.);
#2455=ORIENTED_EDGE('',*,*,#1880,.F.);
#2456=ORIENTED_EDGE('',*,*,#1881,.T.);
#2457=ORIENTED_EDGE('',*,*,#1882,.F.);
#2458=ORIENTED_EDGE('',*,*,#1881,.F.);
#2459=ORIENTED_EDGE('',*,*,#1883,.F.);
#2460=ORIENTED_EDGE('',*,*,#1884,.T.);
#2461=ORIENTED_EDGE('',*,*,#1885,.F.);
#2462=ORIENTED_EDGE('',*,*,#1884,.F.);
#2463=ORIENTED_EDGE('',*,*,#1886,.F.);
#2464=ORIENTED_EDGE('',*,*,#1876,.T.);
#2465=ORIENTED_EDGE('',*,*,#1887,.F.);
#2466=ORIENTED_EDGE('',*,*,#1888,.F.);
#2467=ORIENTED_EDGE('',*,*,#1889,.F.);
#2468=ORIENTED_EDGE('',*,*,#1890,.T.);
#2469=ORIENTED_EDGE('',*,*,#1891,.F.);
#2470=ORIENTED_EDGE('',*,*,#1890,.F.);
#2471=ORIENTED_EDGE('',*,*,#1892,.F.);
#2472=ORIENTED_EDGE('',*,*,#1893,.T.);
#2473=ORIENTED_EDGE('',*,*,#1894,.F.);
#2474=ORIENTED_EDGE('',*,*,#1893,.F.);
#2475=ORIENTED_EDGE('',*,*,#1895,.F.);
#2476=ORIENTED_EDGE('',*,*,#1896,.T.);
#2477=ORIENTED_EDGE('',*,*,#1897,.F.);
#2478=ORIENTED_EDGE('',*,*,#1896,.F.);
#2479=ORIENTED_EDGE('',*,*,#1898,.F.);
#2480=ORIENTED_EDGE('',*,*,#1888,.T.);
#2481=ORIENTED_EDGE('',*,*,#1899,.F.);
#2482=ORIENTED_EDGE('',*,*,#1900,.F.);
#2483=ORIENTED_EDGE('',*,*,#1901,.F.);
#2484=ORIENTED_EDGE('',*,*,#1902,.T.);
#2485=ORIENTED_EDGE('',*,*,#1903,.F.);
#2486=ORIENTED_EDGE('',*,*,#1902,.F.);
#2487=ORIENTED_EDGE('',*,*,#1904,.F.);
#2488=ORIENTED_EDGE('',*,*,#1905,.T.);
#2489=ORIENTED_EDGE('',*,*,#1906,.F.);
#2490=ORIENTED_EDGE('',*,*,#1905,.F.);
#2491=ORIENTED_EDGE('',*,*,#1907,.F.);
#2492=ORIENTED_EDGE('',*,*,#1908,.T.);
#2493=ORIENTED_EDGE('',*,*,#1909,.F.);
#2494=ORIENTED_EDGE('',*,*,#1908,.F.);
#2495=ORIENTED_EDGE('',*,*,#1910,.F.);
#2496=ORIENTED_EDGE('',*,*,#1900,.T.);
#2497=ORIENTED_EDGE('',*,*,#1911,.F.);
#2498=ORIENTED_EDGE('',*,*,#1912,.F.);
#2499=ORIENTED_EDGE('',*,*,#1913,.F.);
#2500=ORIENTED_EDGE('',*,*,#1914,.T.);
#2501=ORIENTED_EDGE('',*,*,#1915,.F.);
#2502=ORIENTED_EDGE('',*,*,#1914,.F.);
#2503=ORIENTED_EDGE('',*,*,#1916,.F.);
#2504=ORIENTED_EDGE('',*,*,#1917,.T.);
#2505=ORIENTED_EDGE('',*,*,#1918,.F.);
#2506=ORIENTED_EDGE('',*,*,#1917,.F.);
#2507=ORIENTED_EDGE('',*,*,#1919,.F.);
#2508=ORIENTED_EDGE('',*,*,#1920,.T.);
#2509=ORIENTED_EDGE('',*,*,#1921,.F.);
#2510=ORIENTED_EDGE('',*,*,#1920,.F.);
#2511=ORIENTED_EDGE('',*,*,#1922,.F.);
#2512=ORIENTED_EDGE('',*,*,#1912,.T.);
#2513=ORIENTED_EDGE('',*,*,#1923,.F.);
#2514=ORIENTED_EDGE('',*,*,#1924,.F.);
#2515=ORIENTED_EDGE('',*,*,#1925,.F.);
#2516=ORIENTED_EDGE('',*,*,#1926,.T.);
#2517=ORIENTED_EDGE('',*,*,#1927,.F.);
#2518=ORIENTED_EDGE('',*,*,#1926,.F.);
#2519=ORIENTED_EDGE('',*,*,#1928,.F.);
#2520=ORIENTED_EDGE('',*,*,#1929,.T.);
#2521=ORIENTED_EDGE('',*,*,#1930,.F.);
#2522=ORIENTED_EDGE('',*,*,#1929,.F.);
#2523=ORIENTED_EDGE('',*,*,#1931,.F.);
#2524=ORIENTED_EDGE('',*,*,#1932,.T.);
#2525=ORIENTED_EDGE('',*,*,#1933,.F.);
#2526=ORIENTED_EDGE('',*,*,#1932,.F.);
#2527=ORIENTED_EDGE('',*,*,#1934,.F.);
#2528=ORIENTED_EDGE('',*,*,#1924,.T.);
#2529=ORIENTED_EDGE('',*,*,#1935,.F.);
#2530=ORIENTED_EDGE('',*,*,#1936,.F.);
#2531=ORIENTED_EDGE('',*,*,#1937,.F.);
#2532=ORIENTED_EDGE('',*,*,#1938,.T.);
#2533=ORIENTED_EDGE('',*,*,#1939,.F.);
#2534=ORIENTED_EDGE('',*,*,#1938,.F.);
#2535=ORIENTED_EDGE('',*,*,#1940,.F.);
#2536=ORIENTED_EDGE('',*,*,#1941,.T.);
#2537=ORIENTED_EDGE('',*,*,#1942,.F.);
#2538=ORIENTED_EDGE('',*,*,#1941,.F.);
#2539=ORIENTED_EDGE('',*,*,#1943,.F.);
#2540=ORIENTED_EDGE('',*,*,#1944,.T.);
#2541=ORIENTED_EDGE('',*,*,#1945,.F.);
#2542=ORIENTED_EDGE('',*,*,#1944,.F.);
#2543=ORIENTED_EDGE('',*,*,#1946,.F.);
#2544=ORIENTED_EDGE('',*,*,#1936,.T.);
#2545=ORIENTED_EDGE('',*,*,#1947,.F.);
#2546=ORIENTED_EDGE('',*,*,#1948,.F.);
#2547=ORIENTED_EDGE('',*,*,#1949,.F.);
#2548=ORIENTED_EDGE('',*,*,#1950,.T.);
#2549=ORIENTED_EDGE('',*,*,#1951,.F.);
#2550=ORIENTED_EDGE('',*,*,#1950,.F.);
#2551=ORIENTED_EDGE('',*,*,#1952,.F.);
#2552=ORIENTED_EDGE('',*,*,#1953,.T.);
#2553=ORIENTED_EDGE('',*,*,#1954,.F.);
#2554=ORIENTED_EDGE('',*,*,#1953,.F.);
#2555=ORIENTED_EDGE('',*,*,#1955,.F.);
#2556=ORIENTED_EDGE('',*,*,#1956,.T.);
#2557=ORIENTED_EDGE('',*,*,#1957,.F.);
#2558=ORIENTED_EDGE('',*,*,#1956,.F.);
#2559=ORIENTED_EDGE('',*,*,#1958,.F.);
#2560=ORIENTED_EDGE('',*,*,#1948,.T.);
#2561=ORIENTED_EDGE('',*,*,#1959,.F.);
#2562=ORIENTED_EDGE('',*,*,#1960,.F.);
#2563=ORIENTED_EDGE('',*,*,#1961,.F.);
#2564=ORIENTED_EDGE('',*,*,#1962,.T.);
#2565=ORIENTED_EDGE('',*,*,#1963,.F.);
#2566=ORIENTED_EDGE('',*,*,#1962,.F.);
#2567=ORIENTED_EDGE('',*,*,#1964,.F.);
#2568=ORIENTED_EDGE('',*,*,#1965,.T.);
#2569=ORIENTED_EDGE('',*,*,#1966,.F.);
#2570=ORIENTED_EDGE('',*,*,#1965,.F.);
#2571=ORIENTED_EDGE('',*,*,#1967,.F.);
#2572=ORIENTED_EDGE('',*,*,#1968,.T.);
#2573=ORIENTED_EDGE('',*,*,#1969,.F.);
#2574=ORIENTED_EDGE('',*,*,#1968,.F.);
#2575=ORIENTED_EDGE('',*,*,#1970,.F.);
#2576=ORIENTED_EDGE('',*,*,#1960,.T.);
#2577=ORIENTED_EDGE('',*,*,#1971,.F.);
#2578=ORIENTED_EDGE('',*,*,#1972,.F.);
#2579=ORIENTED_EDGE('',*,*,#1973,.F.);
#2580=ORIENTED_EDGE('',*,*,#1974,.T.);
#2581=ORIENTED_EDGE('',*,*,#1975,.F.);
#2582=ORIENTED_EDGE('',*,*,#1974,.F.);
#2583=ORIENTED_EDGE('',*,*,#1976,.F.);
#2584=ORIENTED_EDGE('',*,*,#1977,.T.);
#2585=ORIENTED_EDGE('',*,*,#1978,.F.);
#2586=ORIENTED_EDGE('',*,*,#1977,.F.);
#2587=ORIENTED_EDGE('',*,*,#1979,.F.);
#2588=ORIENTED_EDGE('',*,*,#1980,.T.);
#2589=ORIENTED_EDGE('',*,*,#1981,.F.);
#2590=ORIENTED_EDGE('',*,*,#1980,.F.);
#2591=ORIENTED_EDGE('',*,*,#1982,.F.);
#2592=ORIENTED_EDGE('',*,*,#1972,.T.);
#2593=ORIENTED_EDGE('',*,*,#1983,.F.);
#2594=ORIENTED_EDGE('',*,*,#1984,.F.);
#2595=ORIENTED_EDGE('',*,*,#1985,.F.);
#2596=ORIENTED_EDGE('',*,*,#1986,.T.);
#2597=ORIENTED_EDGE('',*,*,#1987,.F.);
#2598=ORIENTED_EDGE('',*,*,#1986,.F.);
#2599=ORIENTED_EDGE('',*,*,#1988,.F.);
#2600=ORIENTED_EDGE('',*,*,#1989,.T.);
#2601=ORIENTED_EDGE('',*,*,#1990,.F.);
#2602=ORIENTED_EDGE('',*,*,#1989,.F.);
#2603=ORIENTED_EDGE('',*,*,#1991,.F.);
#2604=ORIENTED_EDGE('',*,*,#1992,.T.);
#2605=ORIENTED_EDGE('',*,*,#1993,.F.);
#2606=ORIENTED_EDGE('',*,*,#1992,.F.);
#2607=ORIENTED_EDGE('',*,*,#1994,.F.);
#2608=ORIENTED_EDGE('',*,*,#1984,.T.);
#2609=ORIENTED_EDGE('',*,*,#1995,.F.);
#2610=ORIENTED_EDGE('',*,*,#1996,.F.);
#2611=ORIENTED_EDGE('',*,*,#1997,.F.);
#2612=ORIENTED_EDGE('',*,*,#1998,.T.);
#2613=ORIENTED_EDGE('',*,*,#1999,.F.);
#2614=ORIENTED_EDGE('',*,*,#1998,.F.);
#2615=ORIENTED_EDGE('',*,*,#2000,.F.);
#2616=ORIENTED_EDGE('',*,*,#2001,.T.);
#2617=ORIENTED_EDGE('',*,*,#2002,.F.);
#2618=ORIENTED_EDGE('',*,*,#2001,.F.);
#2619=ORIENTED_EDGE('',*,*,#2003,.F.);
#2620=ORIENTED_EDGE('',*,*,#2004,.T.);
#2621=ORIENTED_EDGE('',*,*,#2005,.F.);
#2622=ORIENTED_EDGE('',*,*,#2004,.F.);
#2623=ORIENTED_EDGE('',*,*,#2006,.F.);
#2624=ORIENTED_EDGE('',*,*,#1996,.T.);
#2625=ORIENTED_EDGE('',*,*,#2007,.F.);
#2626=ORIENTED_EDGE('',*,*,#2008,.F.);
#2627=ORIENTED_EDGE('',*,*,#2009,.F.);
#2628=ORIENTED_EDGE('',*,*,#2010,.T.);
#2629=ORIENTED_EDGE('',*,*,#2011,.F.);
#2630=ORIENTED_EDGE('',*,*,#2010,.F.);
#2631=ORIENTED_EDGE('',*,*,#2012,.F.);
#2632=ORIENTED_EDGE('',*,*,#2013,.T.);
#2633=ORIENTED_EDGE('',*,*,#2014,.F.);
#2634=ORIENTED_EDGE('',*,*,#2013,.F.);
#2635=ORIENTED_EDGE('',*,*,#2015,.F.);
#2636=ORIENTED_EDGE('',*,*,#2016,.T.);
#2637=ORIENTED_EDGE('',*,*,#2017,.F.);
#2638=ORIENTED_EDGE('',*,*,#2016,.F.);
#2639=ORIENTED_EDGE('',*,*,#2018,.F.);
#2640=ORIENTED_EDGE('',*,*,#2008,.T.);
#2641=ORIENTED_EDGE('',*,*,#2019,.F.);
#2642=ORIENTED_EDGE('',*,*,#2020,.F.);
#2643=ORIENTED_EDGE('',*,*,#2021,.F.);
#2644=ORIENTED_EDGE('',*,*,#2022,.T.);
#2645=ORIENTED_EDGE('',*,*,#2023,.F.);
#2646=ORIENTED_EDGE('',*,*,#2022,.F.);
#2647=ORIENTED_EDGE('',*,*,#2024,.F.);
#2648=ORIENTED_EDGE('',*,*,#2025,.T.);
#2649=ORIENTED_EDGE('',*,*,#2026,.F.);
#2650=ORIENTED_EDGE('',*,*,#2025,.F.);
#2651=ORIENTED_EDGE('',*,*,#2027,.F.);
#2652=ORIENTED_EDGE('',*,*,#2028,.T.);
#2653=ORIENTED_EDGE('',*,*,#2029,.F.);
#2654=ORIENTED_EDGE('',*,*,#2028,.F.);
#2655=ORIENTED_EDGE('',*,*,#2030,.F.);
#2656=ORIENTED_EDGE('',*,*,#2020,.T.);
#2657=ORIENTED_EDGE('',*,*,#2031,.F.);
#2658=ORIENTED_EDGE('',*,*,#2032,.F.);
#2659=ORIENTED_EDGE('',*,*,#2033,.F.);
#2660=ORIENTED_EDGE('',*,*,#2034,.T.);
#2661=ORIENTED_EDGE('',*,*,#2035,.F.);
#2662=ORIENTED_EDGE('',*,*,#2034,.F.);
#2663=ORIENTED_EDGE('',*,*,#2036,.F.);
#2664=ORIENTED_EDGE('',*,*,#2037,.T.);
#2665=ORIENTED_EDGE('',*,*,#2038,.F.);
#2666=ORIENTED_EDGE('',*,*,#2037,.F.);
#2667=ORIENTED_EDGE('',*,*,#2039,.F.);
#2668=ORIENTED_EDGE('',*,*,#2040,.T.);
#2669=ORIENTED_EDGE('',*,*,#2041,.F.);
#2670=ORIENTED_EDGE('',*,*,#2040,.F.);
#2671=ORIENTED_EDGE('',*,*,#2042,.F.);
#2672=ORIENTED_EDGE('',*,*,#2032,.T.);
#2673=ORIENTED_EDGE('',*,*,#2043,.F.);
#2674=ORIENTED_EDGE('',*,*,#2044,.F.);
#2675=ORIENTED_EDGE('',*,*,#2045,.F.);
#2676=ORIENTED_EDGE('',*,*,#2046,.T.);
#2677=ORIENTED_EDGE('',*,*,#2047,.F.);
#2678=ORIENTED_EDGE('',*,*,#2046,.F.);
#2679=ORIENTED_EDGE('',*,*,#2048,.F.);
#2680=ORIENTED_EDGE('',*,*,#2049,.T.);
#2681=ORIENTED_EDGE('',*,*,#2050,.F.);
#2682=ORIENTED_EDGE('',*,*,#2049,.F.);
#2683=ORIENTED_EDGE('',*,*,#2051,.F.);
#2684=ORIENTED_EDGE('',*,*,#2052,.T.);
#2685=ORIENTED_EDGE('',*,*,#2053,.F.);
#2686=ORIENTED_EDGE('',*,*,#2052,.F.);
#2687=ORIENTED_EDGE('',*,*,#2054,.F.);
#2688=ORIENTED_EDGE('',*,*,#2044,.T.);
#2689=ORIENTED_EDGE('',*,*,#2055,.F.);
#2690=ORIENTED_EDGE('',*,*,#2056,.F.);
#2691=ORIENTED_EDGE('',*,*,#2057,.F.);
#2692=ORIENTED_EDGE('',*,*,#2058,.T.);
#2693=ORIENTED_EDGE('',*,*,#2059,.F.);
#2694=ORIENTED_EDGE('',*,*,#2058,.F.);
#2695=ORIENTED_EDGE('',*,*,#2060,.F.);
#2696=ORIENTED_EDGE('',*,*,#2061,.T.);
#2697=ORIENTED_EDGE('',*,*,#2062,.F.);
#2698=ORIENTED_EDGE('',*,*,#2061,.F.);
#2699=ORIENTED_EDGE('',*,*,#2063,.F.);
#2700=ORIENTED_EDGE('',*,*,#2064,.T.);
#2701=ORIENTED_EDGE('',*,*,#2065,.F.);
#2702=ORIENTED_EDGE('',*,*,#2064,.F.);
#2703=ORIENTED_EDGE('',*,*,#2066,.F.);
#2704=ORIENTED_EDGE('',*,*,#2056,.T.);
#2705=ORIENTED_EDGE('',*,*,#2067,.F.);
#2706=ORIENTED_EDGE('',*,*,#2068,.F.);
#2707=ORIENTED_EDGE('',*,*,#2069,.F.);
#2708=ORIENTED_EDGE('',*,*,#2070,.T.);
#2709=ORIENTED_EDGE('',*,*,#2071,.F.);
#2710=ORIENTED_EDGE('',*,*,#2070,.F.);
#2711=ORIENTED_EDGE('',*,*,#2072,.F.);
#2712=ORIENTED_EDGE('',*,*,#2073,.T.);
#2713=ORIENTED_EDGE('',*,*,#2074,.F.);
#2714=ORIENTED_EDGE('',*,*,#2073,.F.);
#2715=ORIENTED_EDGE('',*,*,#2075,.F.);
#2716=ORIENTED_EDGE('',*,*,#2076,.T.);
#2717=ORIENTED_EDGE('',*,*,#2077,.F.);
#2718=ORIENTED_EDGE('',*,*,#2076,.F.);
#2719=ORIENTED_EDGE('',*,*,#2078,.F.);
#2720=ORIENTED_EDGE('',*,*,#2068,.T.);
#2721=ORIENTED_EDGE('',*,*,#2079,.F.);
#2722=ORIENTED_EDGE('',*,*,#2080,.T.);
#2723=ORIENTED_EDGE('',*,*,#2081,.F.);
#2724=ORIENTED_EDGE('',*,*,#2082,.F.);
#2725=ORIENTED_EDGE('',*,*,#2083,.F.);
#2726=ORIENTED_EDGE('',*,*,#2082,.T.);
#2727=ORIENTED_EDGE('',*,*,#2084,.F.);
#2728=ORIENTED_EDGE('',*,*,#2085,.F.);
#2729=ORIENTED_EDGE('',*,*,#2086,.F.);
#2730=ORIENTED_EDGE('',*,*,#2085,.T.);
#2731=ORIENTED_EDGE('',*,*,#2087,.F.);
#2732=ORIENTED_EDGE('',*,*,#2088,.F.);
#2733=ORIENTED_EDGE('',*,*,#2089,.F.);
#2734=ORIENTED_EDGE('',*,*,#2088,.T.);
#2735=ORIENTED_EDGE('',*,*,#2090,.F.);
#2736=ORIENTED_EDGE('',*,*,#2080,.F.);
#2737=ORIENTED_EDGE('',*,*,#2090,.T.);
#2738=ORIENTED_EDGE('',*,*,#2087,.T.);
#2739=ORIENTED_EDGE('',*,*,#2084,.T.);
#2740=ORIENTED_EDGE('',*,*,#2081,.T.);
#2741=ORIENTED_EDGE('',*,*,#1847,.T.);
#2742=ORIENTED_EDGE('',*,*,#1844,.T.);
#2743=ORIENTED_EDGE('',*,*,#1841,.T.);
#2744=ORIENTED_EDGE('',*,*,#1850,.T.);
#2745=ORIENTED_EDGE('',*,*,#1859,.T.);
#2746=ORIENTED_EDGE('',*,*,#1856,.T.);
#2747=ORIENTED_EDGE('',*,*,#1853,.T.);
#2748=ORIENTED_EDGE('',*,*,#1862,.T.);
#2749=ORIENTED_EDGE('',*,*,#1871,.T.);
#2750=ORIENTED_EDGE('',*,*,#1868,.T.);
#2751=ORIENTED_EDGE('',*,*,#1865,.T.);
#2752=ORIENTED_EDGE('',*,*,#1874,.T.);
#2753=ORIENTED_EDGE('',*,*,#1883,.T.);
#2754=ORIENTED_EDGE('',*,*,#1880,.T.);
#2755=ORIENTED_EDGE('',*,*,#1877,.T.);
#2756=ORIENTED_EDGE('',*,*,#1886,.T.);
#2757=ORIENTED_EDGE('',*,*,#1895,.T.);
#2758=ORIENTED_EDGE('',*,*,#1892,.T.);
#2759=ORIENTED_EDGE('',*,*,#1889,.T.);
#2760=ORIENTED_EDGE('',*,*,#1898,.T.);
#2761=ORIENTED_EDGE('',*,*,#1907,.T.);
#2762=ORIENTED_EDGE('',*,*,#1904,.T.);
#2763=ORIENTED_EDGE('',*,*,#1901,.T.);
#2764=ORIENTED_EDGE('',*,*,#1910,.T.);
#2765=ORIENTED_EDGE('',*,*,#1919,.T.);
#2766=ORIENTED_EDGE('',*,*,#1916,.T.);
#2767=ORIENTED_EDGE('',*,*,#1913,.T.);
#2768=ORIENTED_EDGE('',*,*,#1922,.T.);
#2769=ORIENTED_EDGE('',*,*,#1931,.T.);
#2770=ORIENTED_EDGE('',*,*,#1928,.T.);
#2771=ORIENTED_EDGE('',*,*,#1925,.T.);
#2772=ORIENTED_EDGE('',*,*,#1934,.T.);
#2773=ORIENTED_EDGE('',*,*,#1943,.T.);
#2774=ORIENTED_EDGE('',*,*,#1940,.T.);
#2775=ORIENTED_EDGE('',*,*,#1937,.T.);
#2776=ORIENTED_EDGE('',*,*,#1946,.T.);
#2777=ORIENTED_EDGE('',*,*,#1955,.T.);
#2778=ORIENTED_EDGE('',*,*,#1952,.T.);
#2779=ORIENTED_EDGE('',*,*,#1949,.T.);
#2780=ORIENTED_EDGE('',*,*,#1958,.T.);
#2781=ORIENTED_EDGE('',*,*,#1967,.T.);
#2782=ORIENTED_EDGE('',*,*,#1964,.T.);
#2783=ORIENTED_EDGE('',*,*,#1961,.T.);
#2784=ORIENTED_EDGE('',*,*,#1970,.T.);
#2785=ORIENTED_EDGE('',*,*,#1979,.T.);
#2786=ORIENTED_EDGE('',*,*,#1976,.T.);
#2787=ORIENTED_EDGE('',*,*,#1973,.T.);
#2788=ORIENTED_EDGE('',*,*,#1982,.T.);
#2789=ORIENTED_EDGE('',*,*,#1991,.T.);
#2790=ORIENTED_EDGE('',*,*,#1988,.T.);
#2791=ORIENTED_EDGE('',*,*,#1985,.T.);
#2792=ORIENTED_EDGE('',*,*,#1994,.T.);
#2793=ORIENTED_EDGE('',*,*,#2003,.T.);
#2794=ORIENTED_EDGE('',*,*,#2000,.T.);
#2795=ORIENTED_EDGE('',*,*,#1997,.T.);
#2796=ORIENTED_EDGE('',*,*,#2006,.T.);
#2797=ORIENTED_EDGE('',*,*,#2015,.T.);
#2798=ORIENTED_EDGE('',*,*,#2012,.T.);
#2799=ORIENTED_EDGE('',*,*,#2009,.T.);
#2800=ORIENTED_EDGE('',*,*,#2018,.T.);
#2801=ORIENTED_EDGE('',*,*,#2027,.T.);
#2802=ORIENTED_EDGE('',*,*,#2024,.T.);
#2803=ORIENTED_EDGE('',*,*,#2021,.T.);
#2804=ORIENTED_EDGE('',*,*,#2030,.T.);
#2805=ORIENTED_EDGE('',*,*,#2039,.T.);
#2806=ORIENTED_EDGE('',*,*,#2036,.T.);
#2807=ORIENTED_EDGE('',*,*,#2033,.T.);
#2808=ORIENTED_EDGE('',*,*,#2042,.T.);
#2809=ORIENTED_EDGE('',*,*,#2051,.T.);
#2810=ORIENTED_EDGE('',*,*,#2048,.T.);
#2811=ORIENTED_EDGE('',*,*,#2045,.T.);
#2812=ORIENTED_EDGE('',*,*,#2054,.T.);
#2813=ORIENTED_EDGE('',*,*,#2063,.T.);
#2814=ORIENTED_EDGE('',*,*,#2060,.T.);
#2815=ORIENTED_EDGE('',*,*,#2057,.T.);
#2816=ORIENTED_EDGE('',*,*,#2066,.T.);
#2817=ORIENTED_EDGE('',*,*,#2075,.T.);
#2818=ORIENTED_EDGE('',*,*,#2072,.T.);
#2819=ORIENTED_EDGE('',*,*,#2069,.T.);
#2820=ORIENTED_EDGE('',*,*,#2078,.T.);
#2821=ORIENTED_EDGE('',*,*,#1827,.T.);
#2822=ORIENTED_EDGE('',*,*,#1837,.T.);
#2823=ORIENTED_EDGE('',*,*,#1834,.T.);
#2824=ORIENTED_EDGE('',*,*,#1831,.T.);
#2825=ORIENTED_EDGE('',*,*,#2089,.T.);
#2826=ORIENTED_EDGE('',*,*,#2079,.T.);
#2827=ORIENTED_EDGE('',*,*,#2083,.T.);
#2828=ORIENTED_EDGE('',*,*,#2086,.T.);
#2829=ORIENTED_EDGE('',*,*,#1846,.T.);
#2830=ORIENTED_EDGE('',*,*,#1849,.T.);
#2831=ORIENTED_EDGE('',*,*,#1839,.T.);
#2832=ORIENTED_EDGE('',*,*,#1843,.T.);
#2833=ORIENTED_EDGE('',*,*,#1858,.T.);
#2834=ORIENTED_EDGE('',*,*,#1861,.T.);
#2835=ORIENTED_EDGE('',*,*,#1851,.T.);
#2836=ORIENTED_EDGE('',*,*,#1855,.T.);
#2837=ORIENTED_EDGE('',*,*,#1870,.T.);
#2838=ORIENTED_EDGE('',*,*,#1873,.T.);
#2839=ORIENTED_EDGE('',*,*,#1863,.T.);
#2840=ORIENTED_EDGE('',*,*,#1867,.T.);
#2841=ORIENTED_EDGE('',*,*,#1882,.T.);
#2842=ORIENTED_EDGE('',*,*,#1885,.T.);
#2843=ORIENTED_EDGE('',*,*,#1875,.T.);
#2844=ORIENTED_EDGE('',*,*,#1879,.T.);
#2845=ORIENTED_EDGE('',*,*,#1894,.T.);
#2846=ORIENTED_EDGE('',*,*,#1897,.T.);
#2847=ORIENTED_EDGE('',*,*,#1887,.T.);
#2848=ORIENTED_EDGE('',*,*,#1891,.T.);
#2849=ORIENTED_EDGE('',*,*,#1906,.T.);
#2850=ORIENTED_EDGE('',*,*,#1909,.T.);
#2851=ORIENTED_EDGE('',*,*,#1899,.T.);
#2852=ORIENTED_EDGE('',*,*,#1903,.T.);
#2853=ORIENTED_EDGE('',*,*,#1918,.T.);
#2854=ORIENTED_EDGE('',*,*,#1921,.T.);
#2855=ORIENTED_EDGE('',*,*,#1911,.T.);
#2856=ORIENTED_EDGE('',*,*,#1915,.T.);
#2857=ORIENTED_EDGE('',*,*,#1930,.T.);
#2858=ORIENTED_EDGE('',*,*,#1933,.T.);
#2859=ORIENTED_EDGE('',*,*,#1923,.T.);
#2860=ORIENTED_EDGE('',*,*,#1927,.T.);
#2861=ORIENTED_EDGE('',*,*,#1942,.T.);
#2862=ORIENTED_EDGE('',*,*,#1945,.T.);
#2863=ORIENTED_EDGE('',*,*,#1935,.T.);
#2864=ORIENTED_EDGE('',*,*,#1939,.T.);
#2865=ORIENTED_EDGE('',*,*,#1954,.T.);
#2866=ORIENTED_EDGE('',*,*,#1957,.T.);
#2867=ORIENTED_EDGE('',*,*,#1947,.T.);
#2868=ORIENTED_EDGE('',*,*,#1951,.T.);
#2869=ORIENTED_EDGE('',*,*,#1966,.T.);
#2870=ORIENTED_EDGE('',*,*,#1969,.T.);
#2871=ORIENTED_EDGE('',*,*,#1959,.T.);
#2872=ORIENTED_EDGE('',*,*,#1963,.T.);
#2873=ORIENTED_EDGE('',*,*,#1978,.T.);
#2874=ORIENTED_EDGE('',*,*,#1981,.T.);
#2875=ORIENTED_EDGE('',*,*,#1971,.T.);
#2876=ORIENTED_EDGE('',*,*,#1975,.T.);
#2877=ORIENTED_EDGE('',*,*,#1990,.T.);
#2878=ORIENTED_EDGE('',*,*,#1993,.T.);
#2879=ORIENTED_EDGE('',*,*,#1983,.T.);
#2880=ORIENTED_EDGE('',*,*,#1987,.T.);
#2881=ORIENTED_EDGE('',*,*,#2002,.T.);
#2882=ORIENTED_EDGE('',*,*,#2005,.T.);
#2883=ORIENTED_EDGE('',*,*,#1995,.T.);
#2884=ORIENTED_EDGE('',*,*,#1999,.T.);
#2885=ORIENTED_EDGE('',*,*,#2014,.T.);
#2886=ORIENTED_EDGE('',*,*,#2017,.T.);
#2887=ORIENTED_EDGE('',*,*,#2007,.T.);
#2888=ORIENTED_EDGE('',*,*,#2011,.T.);
#2889=ORIENTED_EDGE('',*,*,#2026,.T.);
#2890=ORIENTED_EDGE('',*,*,#2029,.T.);
#2891=ORIENTED_EDGE('',*,*,#2019,.T.);
#2892=ORIENTED_EDGE('',*,*,#2023,.T.);
#2893=ORIENTED_EDGE('',*,*,#2038,.T.);
#2894=ORIENTED_EDGE('',*,*,#2041,.T.);
#2895=ORIENTED_EDGE('',*,*,#2031,.T.);
#2896=ORIENTED_EDGE('',*,*,#2035,.T.);
#2897=ORIENTED_EDGE('',*,*,#2050,.T.);
#2898=ORIENTED_EDGE('',*,*,#2053,.T.);
#2899=ORIENTED_EDGE('',*,*,#2043,.T.);
#2900=ORIENTED_EDGE('',*,*,#2047,.T.);
#2901=ORIENTED_EDGE('',*,*,#2062,.T.);
#2902=ORIENTED_EDGE('',*,*,#2065,.T.);
#2903=ORIENTED_EDGE('',*,*,#2055,.T.);
#2904=ORIENTED_EDGE('',*,*,#2059,.T.);
#2905=ORIENTED_EDGE('',*,*,#2074,.T.);
#2906=ORIENTED_EDGE('',*,*,#2077,.T.);
#2907=ORIENTED_EDGE('',*,*,#2067,.T.);
#2908=ORIENTED_EDGE('',*,*,#2071,.T.);
#2909=ORIENTED_EDGE('',*,*,#1829,.T.);
#2910=ORIENTED_EDGE('',*,*,#1833,.T.);
#2911=ORIENTED_EDGE('',*,*,#1836,.T.);
#2912=ORIENTED_EDGE('',*,*,#1838,.T.);
#2913=CYLINDRICAL_SURFACE('',#3119,3.5);
#2914=CYLINDRICAL_SURFACE('',#3122,1.5);
#2915=CYLINDRICAL_SURFACE('',#3125,1.5);
#2916=CYLINDRICAL_SURFACE('',#3130,1.5);
#2917=CYLINDRICAL_SURFACE('',#3134,1.5);
#2918=CYLINDRICAL_SURFACE('',#3157,1.2);
#2919=CYLINDRICAL_SURFACE('',#3161,1.5);
#2920=CYLINDRICAL_SURFACE('',#3165,1.5);
#2921=CYLINDRICAL_SURFACE('',#3169,1.5);
#2922=CYLINDRICAL_SURFACE('',#3178,1.2);
#2923=CYLINDRICAL_SURFACE('',#3180,0.095);
#2924=CYLINDRICAL_SURFACE('',#3186,1.2);
#2925=CYLINDRICAL_SURFACE('',#3188,0.095);
#2926=CYLINDRICAL_SURFACE('',#3195,1.2);
#2927=CYLINDRICAL_SURFACE('',#3197,0.095);
#2928=CYLINDRICAL_SURFACE('',#3203,1.2);
#2929=CYLINDRICAL_SURFACE('',#3205,0.095);
#2930=CYLINDRICAL_SURFACE('',#3209,4.);
#2931=CYLINDRICAL_SURFACE('',#3214,0.095);
#2932=CYLINDRICAL_SURFACE('',#3218,4.);
#2933=CYLINDRICAL_SURFACE('',#3224,4.);
#2934=CYLINDRICAL_SURFACE('',#3230,4.);
#2935=CYLINDRICAL_SURFACE('',#3233,2.204);
#2936=CYLINDRICAL_SURFACE('',#3235,2.4505);
#2937=CYLINDRICAL_SURFACE('',#3237,2.204);
#2938=CYLINDRICAL_SURFACE('',#3239,2.204);
#2939=ADVANCED_FACE('',(#233),#2913,.F.);
#2940=ADVANCED_FACE('',(#234),#2914,.F.);
#2941=ADVANCED_FACE('',(#235),#2915,.F.);
#2942=ADVANCED_FACE('',(#236),#100,.F.);
#2943=ADVANCED_FACE('',(#237),#2916,.F.);
#2944=ADVANCED_FACE('',(#238),#2917,.F.);
#2945=ADVANCED_FACE('',(#239,#24,#25,#26,#27),#101,.T.);
#2946=ADVANCED_FACE('',(#240),#102,.F.);
#2947=ADVANCED_FACE('',(#241),#103,.F.);
#2948=ADVANCED_FACE('',(#242),#104,.F.);
#2949=ADVANCED_FACE('',(#243),#105,.F.);
#2950=ADVANCED_FACE('',(#244),#106,.F.);
#2951=ADVANCED_FACE('',(#245),#107,.F.);
#2952=ADVANCED_FACE('',(#246,#28),#108,.T.);
#2953=ADVANCED_FACE('',(#247,#29),#109,.T.);
#2954=ADVANCED_FACE('',(#248),#110,.F.);
#2955=ADVANCED_FACE('',(#249),#111,.F.);
#2956=ADVANCED_FACE('',(#250),#112,.T.);
#2957=ADVANCED_FACE('',(#251,#30),#113,.T.);
#2958=ADVANCED_FACE('',(#252),#114,.T.);
#2959=ADVANCED_FACE('',(#253),#115,.T.);
#2960=ADVANCED_FACE('',(#254),#116,.T.);
#2961=ADVANCED_FACE('',(#255,#31),#117,.T.);
#2962=ADVANCED_FACE('',(#256),#118,.T.);
#2963=ADVANCED_FACE('',(#257),#119,.T.);
#2964=ADVANCED_FACE('',(#258,#32,#33,#34,#35,#36),#120,.F.);
#2965=ADVANCED_FACE('',(#259),#2918,.F.);
#2966=ADVANCED_FACE('',(#260),#121,.F.);
#2967=ADVANCED_FACE('',(#261),#2919,.F.);
#2968=ADVANCED_FACE('',(#262),#122,.F.);
#2969=ADVANCED_FACE('',(#263),#2920,.F.);
#2970=ADVANCED_FACE('',(#264),#123,.F.);
#2971=ADVANCED_FACE('',(#265),#2921,.F.);
#2972=ADVANCED_FACE('',(#266),#124,.F.);
#2973=ADVANCED_FACE('',(#267),#13,.F.);
#2974=ADVANCED_FACE('',(#268,#37),#125,.F.);
#2975=ADVANCED_FACE('',(#269),#2922,.F.);
#2976=ADVANCED_FACE('',(#270),#2923,.F.);
#2977=ADVANCED_FACE('',(#271),#14,.F.);
#2978=ADVANCED_FACE('',(#272,#38),#126,.F.);
#2979=ADVANCED_FACE('',(#273),#2924,.F.);
#2980=ADVANCED_FACE('',(#274),#2925,.F.);
#2981=ADVANCED_FACE('',(#275),#15,.F.);
#2982=ADVANCED_FACE('',(#276,#39,#40),#127,.F.);
#2983=ADVANCED_FACE('',(#277),#2926,.F.);
#2984=ADVANCED_FACE('',(#278),#2927,.F.);
#2985=ADVANCED_FACE('',(#279),#16,.F.);
#2986=ADVANCED_FACE('',(#280,#41),#128,.F.);
#2987=ADVANCED_FACE('',(#281),#2928,.F.);
#2988=ADVANCED_FACE('',(#282),#2929,.F.);
#2989=ADVANCED_FACE('',(#283,#42),#129,.T.);
#2990=ADVANCED_FACE('',(#284),#2930,.T.);
#2991=ADVANCED_FACE('',(#285,#43),#130,.T.);
#2992=ADVANCED_FACE('',(#286),#17,.F.);
#2993=ADVANCED_FACE('',(#287),#2931,.F.);
#2994=ADVANCED_FACE('',(#288,#44),#131,.T.);
#2995=ADVANCED_FACE('',(#289),#2932,.T.);
#2996=ADVANCED_FACE('',(#290,#45),#132,.T.);
#2997=ADVANCED_FACE('',(#291,#46),#133,.T.);
#2998=ADVANCED_FACE('',(#292),#2933,.T.);
#2999=ADVANCED_FACE('',(#293,#47),#134,.T.);
#3000=ADVANCED_FACE('',(#294,#48),#135,.T.);
#3001=ADVANCED_FACE('',(#295),#2934,.T.);
#3002=ADVANCED_FACE('',(#296,#49),#136,.T.);
#3003=ADVANCED_FACE('',(#297),#2935,.T.);
#3004=ADVANCED_FACE('',(#298),#2936,.T.);
#3005=ADVANCED_FACE('',(#299),#2937,.T.);
#3006=ADVANCED_FACE('',(#300),#2938,.T.);
#3007=ADVANCED_FACE('',(#301),#137,.T.);
#3008=ADVANCED_FACE('',(#302),#138,.T.);
#3009=ADVANCED_FACE('',(#303),#139,.T.);
#3010=ADVANCED_FACE('',(#304),#140,.T.);
#3011=ADVANCED_FACE('',(#305,#50,#51,#52,#53,#54,#55,#56,#57),#141,.T.);
#3012=ADVANCED_FACE('',(#306),#142,.F.);
#3013=ADVANCED_FACE('',(#307),#143,.F.);
#3014=ADVANCED_FACE('',(#308),#144,.F.);
#3015=ADVANCED_FACE('',(#309),#145,.F.);
#3016=ADVANCED_FACE('',(#310),#146,.F.);
#3017=ADVANCED_FACE('',(#311),#147,.F.);
#3018=ADVANCED_FACE('',(#312),#148,.F.);
#3019=ADVANCED_FACE('',(#313),#149,.F.);
#3020=ADVANCED_FACE('',(#314),#150,.F.);
#3021=ADVANCED_FACE('',(#315),#151,.F.);
#3022=ADVANCED_FACE('',(#316),#152,.F.);
#3023=ADVANCED_FACE('',(#317),#153,.F.);
#3024=ADVANCED_FACE('',(#318),#154,.F.);
#3025=ADVANCED_FACE('',(#319),#155,.F.);
#3026=ADVANCED_FACE('',(#320),#156,.F.);
#3027=ADVANCED_FACE('',(#321),#157,.F.);
#3028=ADVANCED_FACE('',(#322),#158,.F.);
#3029=ADVANCED_FACE('',(#323),#159,.F.);
#3030=ADVANCED_FACE('',(#324),#160,.F.);
#3031=ADVANCED_FACE('',(#325),#161,.F.);
#3032=ADVANCED_FACE('',(#326),#162,.F.);
#3033=ADVANCED_FACE('',(#327),#163,.F.);
#3034=ADVANCED_FACE('',(#328),#164,.F.);
#3035=ADVANCED_FACE('',(#329),#165,.F.);
#3036=ADVANCED_FACE('',(#330),#166,.F.);
#3037=ADVANCED_FACE('',(#331),#167,.F.);
#3038=ADVANCED_FACE('',(#332),#168,.F.);
#3039=ADVANCED_FACE('',(#333),#169,.F.);
#3040=ADVANCED_FACE('',(#334),#170,.F.);
#3041=ADVANCED_FACE('',(#335),#171,.F.);
#3042=ADVANCED_FACE('',(#336),#172,.F.);
#3043=ADVANCED_FACE('',(#337),#173,.F.);
#3044=ADVANCED_FACE('',(#338),#174,.F.);
#3045=ADVANCED_FACE('',(#339),#175,.F.);
#3046=ADVANCED_FACE('',(#340),#176,.F.);
#3047=ADVANCED_FACE('',(#341),#177,.F.);
#3048=ADVANCED_FACE('',(#342),#178,.F.);
#3049=ADVANCED_FACE('',(#343),#179,.F.);
#3050=ADVANCED_FACE('',(#344),#180,.F.);
#3051=ADVANCED_FACE('',(#345),#181,.F.);
#3052=ADVANCED_FACE('',(#346),#182,.F.);
#3053=ADVANCED_FACE('',(#347),#183,.F.);
#3054=ADVANCED_FACE('',(#348),#184,.F.);
#3055=ADVANCED_FACE('',(#349),#185,.F.);
#3056=ADVANCED_FACE('',(#350),#186,.F.);
#3057=ADVANCED_FACE('',(#351),#187,.F.);
#3058=ADVANCED_FACE('',(#352),#188,.F.);
#3059=ADVANCED_FACE('',(#353),#189,.F.);
#3060=ADVANCED_FACE('',(#354),#190,.F.);
#3061=ADVANCED_FACE('',(#355),#191,.F.);
#3062=ADVANCED_FACE('',(#356),#192,.F.);
#3063=ADVANCED_FACE('',(#357),#193,.F.);
#3064=ADVANCED_FACE('',(#358),#194,.F.);
#3065=ADVANCED_FACE('',(#359),#195,.F.);
#3066=ADVANCED_FACE('',(#360),#196,.F.);
#3067=ADVANCED_FACE('',(#361),#197,.F.);
#3068=ADVANCED_FACE('',(#362),#198,.F.);
#3069=ADVANCED_FACE('',(#363),#199,.F.);
#3070=ADVANCED_FACE('',(#364),#200,.F.);
#3071=ADVANCED_FACE('',(#365),#201,.F.);
#3072=ADVANCED_FACE('',(#366),#202,.F.);
#3073=ADVANCED_FACE('',(#367),#203,.F.);
#3074=ADVANCED_FACE('',(#368),#204,.F.);
#3075=ADVANCED_FACE('',(#369),#205,.F.);
#3076=ADVANCED_FACE('',(#370),#206,.F.);
#3077=ADVANCED_FACE('',(#371),#207,.F.);
#3078=ADVANCED_FACE('',(#372),#208,.F.);
#3079=ADVANCED_FACE('',(#373),#209,.F.);
#3080=ADVANCED_FACE('',(#374),#210,.F.);
#3081=ADVANCED_FACE('',(#375),#211,.F.);
#3082=ADVANCED_FACE('',(#376),#212,.F.);
#3083=ADVANCED_FACE('',(#377),#213,.F.);
#3084=ADVANCED_FACE('',(#378),#214,.F.);
#3085=ADVANCED_FACE('',(#379),#215,.F.);
#3086=ADVANCED_FACE('',(#380),#216,.F.);
#3087=ADVANCED_FACE('',(#381),#217,.F.);
#3088=ADVANCED_FACE('',(#382),#218,.F.);
#3089=ADVANCED_FACE('',(#383),#219,.F.);
#3090=ADVANCED_FACE('',(#384),#220,.F.);
#3091=ADVANCED_FACE('',(#385),#221,.F.);
#3092=ADVANCED_FACE('',(#386),#222,.F.);
#3093=ADVANCED_FACE('',(#387),#223,.F.);
#3094=ADVANCED_FACE('',(#388),#224,.F.);
#3095=ADVANCED_FACE('',(#389),#225,.F.);
#3096=ADVANCED_FACE('',(#390),#226,.F.);
#3097=ADVANCED_FACE('',(#391),#227,.T.);
#3098=ADVANCED_FACE('',(#392),#228,.T.);
#3099=ADVANCED_FACE('',(#393),#229,.T.);
#3100=ADVANCED_FACE('',(#394),#230,.T.);
#3101=ADVANCED_FACE('',(#395,#58,#59,#60,#61,#62,#63,#64,#65,#66,#67,#68,
#69,#70,#71,#72,#73,#74,#75,#76,#77,#78),#231,.T.);
#3102=ADVANCED_FACE('',(#396,#79,#80,#81,#82,#83,#84,#85,#86,#87,#88,#89,
#90,#91,#92,#93,#94,#95,#96,#97,#98,#99),#232,.F.);
#3103=CLOSED_SHELL('',(#2939,#2940,#2941,#2942,#2943,#2944,#2945,#2946,
#2947,#2948,#2949,#2950,#2951,#2952,#2953,#2954,#2955,#2956,#2957,#2958,
#2959,#2960,#2961,#2962,#2963,#2964));
#3104=CLOSED_SHELL('',(#2965,#2966,#2967,#2968,#2969,#2970,#2971,#2972,
#2973,#2974,#2975,#2976,#2977,#2978,#2979,#2980,#2981,#2982,#2983,#2984,
#2985,#2986,#2987,#2988,#2989,#2990,#2991,#2992,#2993,#2994,#2995,#2996,
#2997,#2998,#2999,#3000,#3001,#3002,#3003,#3004,#3005,#3006,#3007,#3008,
#3009,#3010,#3011,#3012));
#3105=CLOSED_SHELL('',(#3013,#3014,#3015,#3016,#3017,#3018,#3019,#3020,
#3021,#3022,#3023,#3024,#3025,#3026,#3027,#3028,#3029,#3030,#3031,#3032,
#3033,#3034,#3035,#3036,#3037,#3038,#3039,#3040,#3041,#3042,#3043,#3044,
#3045,#3046,#3047,#3048,#3049,#3050,#3051,#3052,#3053,#3054,#3055,#3056,
#3057,#3058,#3059,#3060,#3061,#3062,#3063,#3064,#3065,#3066,#3067,#3068,
#3069,#3070,#3071,#3072,#3073,#3074,#3075,#3076,#3077,#3078,#3079,#3080,
#3081,#3082,#3083,#3084,#3085,#3086,#3087,#3088,#3089,#3090,#3091,#3092,
#3093,#3094,#3095,#3096,#3097,#3098,#3099,#3100,#3101,#3102));
#3106=DERIVED_UNIT_ELEMENT(#3108,1.);
#3107=DERIVED_UNIT_ELEMENT(#4988,-3.);
#3108=(
MASS_UNIT()
NAMED_UNIT(*)
SI_UNIT(.KILO.,.GRAM.)
);
#3109=DERIVED_UNIT((#3106,#3107));
#3110=MEASURE_REPRESENTATION_ITEM('density measure',
POSITIVE_RATIO_MEASURE(7850.),#3109);
#3111=PROPERTY_DEFINITION_REPRESENTATION(#3116,#3113);
#3112=PROPERTY_DEFINITION_REPRESENTATION(#3117,#3114);
#3113=REPRESENTATION('material name',(#3115),#4985);
#3114=REPRESENTATION('density',(#3110),#4985);
#3115=DESCRIPTIVE_REPRESENTATION_ITEM('Steel','Steel');
#3116=PROPERTY_DEFINITION('material property','material name',#4995);
#3117=PROPERTY_DEFINITION('material property','density of part',#4995);
#3118=AXIS2_PLACEMENT_3D('',#4132,#3337,#3338);
#3119=AXIS2_PLACEMENT_3D('',#4133,#3339,#3340);
#3120=AXIS2_PLACEMENT_3D('',#4135,#3341,#3342);
#3121=AXIS2_PLACEMENT_3D('',#4138,#3344,#3345);
#3122=AXIS2_PLACEMENT_3D('',#4139,#3346,#3347);
#3123=AXIS2_PLACEMENT_3D('',#4141,#3348,#3349);
#3124=AXIS2_PLACEMENT_3D('',#4144,#3351,#3352);
#3125=AXIS2_PLACEMENT_3D('',#4145,#3353,#3354);
#3126=AXIS2_PLACEMENT_3D('',#4147,#3355,#3356);
#3127=AXIS2_PLACEMENT_3D('',#4150,#3358,#3359);
#3128=AXIS2_PLACEMENT_3D('',#4151,#3360,#3361);
#3129=AXIS2_PLACEMENT_3D('',#4156,#3363,#3364);
#3130=AXIS2_PLACEMENT_3D('',#4158,#3366,#3367);
#3131=AXIS2_PLACEMENT_3D('',#4160,#3368,#3369);
#3132=AXIS2_PLACEMENT_3D('',#4161,#3370,#3371);
#3133=AXIS2_PLACEMENT_3D('',#4164,#3373,#3374);
#3134=AXIS2_PLACEMENT_3D('',#4165,#3375,#3376);
#3135=AXIS2_PLACEMENT_3D('',#4167,#3377,#3378);
#3136=AXIS2_PLACEMENT_3D('',#4170,#3380,#3381);
#3137=AXIS2_PLACEMENT_3D('',#4171,#3382,#3383);
#3138=AXIS2_PLACEMENT_3D('',#4187,#3392,#3393);
#3139=AXIS2_PLACEMENT_3D('',#4193,#3397,#3398);
#3140=AXIS2_PLACEMENT_3D('',#4197,#3401,#3402);
#3141=AXIS2_PLACEMENT_3D('',#4203,#3406,#3407);
#3142=AXIS2_PLACEMENT_3D('',#4207,#3410,#3411);
#3143=AXIS2_PLACEMENT_3D('',#4211,#3414,#3415);
#3144=AXIS2_PLACEMENT_3D('',#4213,#3417,#3418);
#3145=AXIS2_PLACEMENT_3D('',#4222,#3423,#3424);
#3146=AXIS2_PLACEMENT_3D('',#4234,#3431,#3432);
#3147=AXIS2_PLACEMENT_3D('',#4236,#3434,#3435);
#3148=AXIS2_PLACEMENT_3D('',#4237,#3436,#3437);
#3149=AXIS2_PLACEMENT_3D('',#4243,#3441,#3442);
#3150=AXIS2_PLACEMENT_3D('',#4247,#3445,#3446);
#3151=AXIS2_PLACEMENT_3D('',#4251,#3449,#3450);
#3152=AXIS2_PLACEMENT_3D('',#4253,#3452,#3453);
#3153=AXIS2_PLACEMENT_3D('',#4259,#3457,#3458);
#3154=AXIS2_PLACEMENT_3D('',#4263,#3461,#3462);
#3155=AXIS2_PLACEMENT_3D('',#4267,#3465,#3466);
#3156=AXIS2_PLACEMENT_3D('',#4269,#3468,#3469);
#3157=AXIS2_PLACEMENT_3D('',#4270,#3470,#3471);
#3158=AXIS2_PLACEMENT_3D('',#4272,#3472,#3473);
#3159=AXIS2_PLACEMENT_3D('',#4275,#3475,#3476);
#3160=AXIS2_PLACEMENT_3D('',#4276,#3477,#3478);
#3161=AXIS2_PLACEMENT_3D('',#4277,#3479,#3480);
#3162=AXIS2_PLACEMENT_3D('',#4279,#3481,#3482);
#3163=AXIS2_PLACEMENT_3D('',#4282,#3484,#3485);
#3164=AXIS2_PLACEMENT_3D('',#4283,#3486,#3487);
#3165=AXIS2_PLACEMENT_3D('',#4284,#3488,#3489);
#3166=AXIS2_PLACEMENT_3D('',#4286,#3490,#3491);
#3167=AXIS2_PLACEMENT_3D('',#4289,#3493,#3494);
#3168=AXIS2_PLACEMENT_3D('',#4290,#3495,#3496);
#3169=AXIS2_PLACEMENT_3D('',#4291,#3497,#3498);
#3170=AXIS2_PLACEMENT_3D('',#4293,#3499,#3500);
#3171=AXIS2_PLACEMENT_3D('',#4296,#3502,#3503);
#3172=AXIS2_PLACEMENT_3D('',#4297,#3504,#3505);
#3173=AXIS2_PLACEMENT_3D('',#4298,#3506,#3507);
#3174=AXIS2_PLACEMENT_3D('',#4300,#3508,#3509);
#3175=AXIS2_PLACEMENT_3D('',#4303,#3511,#3512);
#3176=AXIS2_PLACEMENT_3D('',#4305,#3513,#3514);
#3177=AXIS2_PLACEMENT_3D('',#4307,#3515,#3516);
#3178=AXIS2_PLACEMENT_3D('',#4308,#3517,#3518);
#3179=AXIS2_PLACEMENT_3D('',#4310,#3519,#3520);
#3180=AXIS2_PLACEMENT_3D('',#4312,#3522,#3523);
#3181=AXIS2_PLACEMENT_3D('',#4314,#3525,#3526);
#3182=AXIS2_PLACEMENT_3D('',#4316,#3527,#3528);
#3183=AXIS2_PLACEMENT_3D('',#4319,#3530,#3531);
#3184=AXIS2_PLACEMENT_3D('',#4321,#3532,#3533);
#3185=AXIS2_PLACEMENT_3D('',#4323,#3534,#3535);
#3186=AXIS2_PLACEMENT_3D('',#4324,#3536,#3537);
#3187=AXIS2_PLACEMENT_3D('',#4326,#3538,#3539);
#3188=AXIS2_PLACEMENT_3D('',#4328,#3541,#3542);
#3189=AXIS2_PLACEMENT_3D('',#4330,#3544,#3545);
#3190=AXIS2_PLACEMENT_3D('',#4332,#3546,#3547);
#3191=AXIS2_PLACEMENT_3D('',#4335,#3549,#3550);
#3192=AXIS2_PLACEMENT_3D('',#4337,#3551,#3552);
#3193=AXIS2_PLACEMENT_3D('',#4339,#3553,#3554);
#3194=AXIS2_PLACEMENT_3D('',#4341,#3555,#3556);
#3195=AXIS2_PLACEMENT_3D('',#4342,#3557,#3558);
#3196=AXIS2_PLACEMENT_3D('',#4344,#3559,#3560);
#3197=AXIS2_PLACEMENT_3D('',#4346,#3562,#3563);
#3198=AXIS2_PLACEMENT_3D('',#4348,#3565,#3566);
#3199=AXIS2_PLACEMENT_3D('',#4350,#3567,#3568);
#3200=AXIS2_PLACEMENT_3D('',#4353,#3570,#3571);
#3201=AXIS2_PLACEMENT_3D('',#4355,#3572,#3573);
#3202=AXIS2_PLACEMENT_3D('',#4357,#3574,#3575);
#3203=AXIS2_PLACEMENT_3D('',#4358,#3576,#3577);
#3204=AXIS2_PLACEMENT_3D('',#4360,#3578,#3579);
#3205=AXIS2_PLACEMENT_3D('',#4362,#3581,#3582);
#3206=AXIS2_PLACEMENT_3D('',#4364,#3584,#3585);
#3207=AXIS2_PLACEMENT_3D('',#4366,#3586,#3587);
#3208=AXIS2_PLACEMENT_3D('',#4368,#3588,#3589);
#3209=AXIS2_PLACEMENT_3D('',#4369,#3590,#3591);
#3210=AXIS2_PLACEMENT_3D('',#4371,#3592,#3593);
#3211=AXIS2_PLACEMENT_3D('',#4373,#3595,#3596);
#3212=AXIS2_PLACEMENT_3D('',#4374,#3597,#3598);
#3213=AXIS2_PLACEMENT_3D('',#4376,#3599,#3600);
#3214=AXIS2_PLACEMENT_3D('',#4379,#3602,#3603);
#3215=AXIS2_PLACEMENT_3D('',#4381,#3605,#3606);
#3216=AXIS2_PLACEMENT_3D('',#4383,#3607,#3608);
#3217=AXIS2_PLACEMENT_3D('',#4385,#3609,#3610);
#3218=AXIS2_PLACEMENT_3D('',#4386,#3611,#3612);
#3219=AXIS2_PLACEMENT_3D('',#4388,#3613,#3614);
#3220=AXIS2_PLACEMENT_3D('',#4390,#3616,#3617);
#3221=AXIS2_PLACEMENT_3D('',#4391,#3618,#3619);
#3222=AXIS2_PLACEMENT_3D('',#4393,#3620,#3621);
#3223=AXIS2_PLACEMENT_3D('',#4395,#3622,#3623);
#3224=AXIS2_PLACEMENT_3D('',#4396,#3624,#3625);
#3225=AXIS2_PLACEMENT_3D('',#4398,#3626,#3627);
#3226=AXIS2_PLACEMENT_3D('',#4400,#3629,#3630);
#3227=AXIS2_PLACEMENT_3D('',#4401,#3631,#3632);
#3228=AXIS2_PLACEMENT_3D('',#4403,#3633,#3634);
#3229=AXIS2_PLACEMENT_3D('',#4405,#3635,#3636);
#3230=AXIS2_PLACEMENT_3D('',#4406,#3637,#3638);
#3231=AXIS2_PLACEMENT_3D('',#4408,#3639,#3640);
#3232=AXIS2_PLACEMENT_3D('',#4410,#3642,#3643);
#3233=AXIS2_PLACEMENT_3D('',#4411,#3644,#3645);
#3234=AXIS2_PLACEMENT_3D('',#4414,#3647,#3648);
#3235=AXIS2_PLACEMENT_3D('',#4415,#3649,#3650);
#3236=AXIS2_PLACEMENT_3D('',#4418,#3652,#3653);
#3237=AXIS2_PLACEMENT_3D('',#4419,#3654,#3655);
#3238=AXIS2_PLACEMENT_3D('',#4422,#3657,#3658);
#3239=AXIS2_PLACEMENT_3D('',#4423,#3659,#3660);
#3240=AXIS2_PLACEMENT_3D('',#4426,#3662,#3663);
#3241=AXIS2_PLACEMENT_3D('',#4427,#3664,#3665);
#3242=AXIS2_PLACEMENT_3D('',#4436,#3670,#3671);
#3243=AXIS2_PLACEMENT_3D('',#4442,#3675,#3676);
#3244=AXIS2_PLACEMENT_3D('',#4448,#3680,#3681);
#3245=AXIS2_PLACEMENT_3D('',#4451,#3684,#3685);
#3246=AXIS2_PLACEMENT_3D('',#4452,#3686,#3687);
#3247=AXIS2_PLACEMENT_3D('',#4453,#3688,#3689);
#3248=AXIS2_PLACEMENT_3D('',#4462,#3694,#3695);
#3249=AXIS2_PLACEMENT_3D('',#4468,#3699,#3700);
#3250=AXIS2_PLACEMENT_3D('',#4474,#3704,#3705);
#3251=AXIS2_PLACEMENT_3D('',#4477,#3708,#3709);
#3252=AXIS2_PLACEMENT_3D('',#4486,#3714,#3715);
#3253=AXIS2_PLACEMENT_3D('',#4492,#3719,#3720);
#3254=AXIS2_PLACEMENT_3D('',#4498,#3724,#3725);
#3255=AXIS2_PLACEMENT_3D('',#4501,#3728,#3729);
#3256=AXIS2_PLACEMENT_3D('',#4510,#3734,#3735);
#3257=AXIS2_PLACEMENT_3D('',#4516,#3739,#3740);
#3258=AXIS2_PLACEMENT_3D('',#4522,#3744,#3745);
#3259=AXIS2_PLACEMENT_3D('',#4525,#3748,#3749);
#3260=AXIS2_PLACEMENT_3D('',#4534,#3754,#3755);
#3261=AXIS2_PLACEMENT_3D('',#4540,#3759,#3760);
#3262=AXIS2_PLACEMENT_3D('',#4546,#3764,#3765);
#3263=AXIS2_PLACEMENT_3D('',#4549,#3768,#3769);
#3264=AXIS2_PLACEMENT_3D('',#4558,#3774,#3775);
#3265=AXIS2_PLACEMENT_3D('',#4564,#3779,#3780);
#3266=AXIS2_PLACEMENT_3D('',#4570,#3784,#3785);
#3267=AXIS2_PLACEMENT_3D('',#4573,#3788,#3789);
#3268=AXIS2_PLACEMENT_3D('',#4582,#3794,#3795);
#3269=AXIS2_PLACEMENT_3D('',#4588,#3799,#3800);
#3270=AXIS2_PLACEMENT_3D('',#4594,#3804,#3805);
#3271=AXIS2_PLACEMENT_3D('',#4597,#3808,#3809);
#3272=AXIS2_PLACEMENT_3D('',#4606,#3814,#3815);
#3273=AXIS2_PLACEMENT_3D('',#4612,#3819,#3820);
#3274=AXIS2_PLACEMENT_3D('',#4618,#3824,#3825);
#3275=AXIS2_PLACEMENT_3D('',#4621,#3828,#3829);
#3276=AXIS2_PLACEMENT_3D('',#4630,#3834,#3835);
#3277=AXIS2_PLACEMENT_3D('',#4636,#3839,#3840);
#3278=AXIS2_PLACEMENT_3D('',#4642,#3844,#3845);
#3279=AXIS2_PLACEMENT_3D('',#4645,#3848,#3849);
#3280=AXIS2_PLACEMENT_3D('',#4654,#3854,#3855);
#3281=AXIS2_PLACEMENT_3D('',#4660,#3859,#3860);
#3282=AXIS2_PLACEMENT_3D('',#4666,#3864,#3865);
#3283=AXIS2_PLACEMENT_3D('',#4669,#3868,#3869);
#3284=AXIS2_PLACEMENT_3D('',#4678,#3874,#3875);
#3285=AXIS2_PLACEMENT_3D('',#4684,#3879,#3880);
#3286=AXIS2_PLACEMENT_3D('',#4690,#3884,#3885);
#3287=AXIS2_PLACEMENT_3D('',#4693,#3888,#3889);
#3288=AXIS2_PLACEMENT_3D('',#4702,#3894,#3895);
#3289=AXIS2_PLACEMENT_3D('',#4708,#3899,#3900);
#3290=AXIS2_PLACEMENT_3D('',#4714,#3904,#3905);
#3291=AXIS2_PLACEMENT_3D('',#4717,#3908,#3909);
#3292=AXIS2_PLACEMENT_3D('',#4726,#3914,#3915);
#3293=AXIS2_PLACEMENT_3D('',#4732,#3919,#3920);
#3294=AXIS2_PLACEMENT_3D('',#4738,#3924,#3925);
#3295=AXIS2_PLACEMENT_3D('',#4741,#3928,#3929);
#3296=AXIS2_PLACEMENT_3D('',#4750,#3934,#3935);
#3297=AXIS2_PLACEMENT_3D('',#4756,#3939,#3940);
#3298=AXIS2_PLACEMENT_3D('',#4762,#3944,#3945);
#3299=AXIS2_PLACEMENT_3D('',#4765,#3948,#3949);
#3300=AXIS2_PLACEMENT_3D('',#4774,#3954,#3955);
#3301=AXIS2_PLACEMENT_3D('',#4780,#3959,#3960);
#3302=AXIS2_PLACEMENT_3D('',#4786,#3964,#3965);
#3303=AXIS2_PLACEMENT_3D('',#4789,#3968,#3969);
#3304=AXIS2_PLACEMENT_3D('',#4798,#3974,#3975);
#3305=AXIS2_PLACEMENT_3D('',#4804,#3979,#3980);
#3306=AXIS2_PLACEMENT_3D('',#4810,#3984,#3985);
#3307=AXIS2_PLACEMENT_3D('',#4813,#3988,#3989);
#3308=AXIS2_PLACEMENT_3D('',#4822,#3994,#3995);
#3309=AXIS2_PLACEMENT_3D('',#4828,#3999,#4000);
#3310=AXIS2_PLACEMENT_3D('',#4834,#4004,#4005);
#3311=AXIS2_PLACEMENT_3D('',#4837,#4008,#4009);
#3312=AXIS2_PLACEMENT_3D('',#4846,#4014,#4015);
#3313=AXIS2_PLACEMENT_3D('',#4852,#4019,#4020);
#3314=AXIS2_PLACEMENT_3D('',#4858,#4024,#4025);
#3315=AXIS2_PLACEMENT_3D('',#4861,#4028,#4029);
#3316=AXIS2_PLACEMENT_3D('',#4870,#4034,#4035);
#3317=AXIS2_PLACEMENT_3D('',#4876,#4039,#4040);
#3318=AXIS2_PLACEMENT_3D('',#4882,#4044,#4045);
#3319=AXIS2_PLACEMENT_3D('',#4885,#4048,#4049);
#3320=AXIS2_PLACEMENT_3D('',#4894,#4054,#4055);
#3321=AXIS2_PLACEMENT_3D('',#4900,#4059,#4060);
#3322=AXIS2_PLACEMENT_3D('',#4906,#4064,#4065);
#3323=AXIS2_PLACEMENT_3D('',#4909,#4068,#4069);
#3324=AXIS2_PLACEMENT_3D('',#4918,#4074,#4075);
#3325=AXIS2_PLACEMENT_3D('',#4924,#4079,#4080);
#3326=AXIS2_PLACEMENT_3D('',#4930,#4084,#4085);
#3327=AXIS2_PLACEMENT_3D('',#4933,#4088,#4089);
#3328=AXIS2_PLACEMENT_3D('',#4942,#4094,#4095);
#3329=AXIS2_PLACEMENT_3D('',#4948,#4099,#4100);
#3330=AXIS2_PLACEMENT_3D('',#4954,#4104,#4105);
#3331=AXIS2_PLACEMENT_3D('',#4957,#4108,#4109);
#3332=AXIS2_PLACEMENT_3D('',#4966,#4114,#4115);
#3333=AXIS2_PLACEMENT_3D('',#4972,#4119,#4120);
#3334=AXIS2_PLACEMENT_3D('',#4978,#4124,#4125);
#3335=AXIS2_PLACEMENT_3D('',#4981,#4128,#4129);
#3336=AXIS2_PLACEMENT_3D('',#4982,#4130,#4131);
#3337=DIRECTION('axis',(0.,0.,1.));
#3338=DIRECTION('refdir',(1.,0.,0.));
#3339=DIRECTION('center_axis',(0.,-1.,0.));
#3340=DIRECTION('ref_axis',(0.,0.,1.));
#3341=DIRECTION('center_axis',(0.,-1.,0.));
#3342=DIRECTION('ref_axis',(0.,0.,1.));
#3343=DIRECTION('',(0.,-1.,0.));
#3344=DIRECTION('center_axis',(0.,1.,0.));
#3345=DIRECTION('ref_axis',(0.,0.,1.));
#3346=DIRECTION('center_axis',(0.,0.,-1.));
#3347=DIRECTION('ref_axis',(1.,0.,0.));
#3348=DIRECTION('center_axis',(0.,0.,-1.));
#3349=DIRECTION('ref_axis',(1.,0.,0.));
#3350=DIRECTION('',(0.,0.,-1.));
#3351=DIRECTION('center_axis',(0.,0.,1.));
#3352=DIRECTION('ref_axis',(1.,0.,0.));
#3353=DIRECTION('center_axis',(0.,0.,-1.));
#3354=DIRECTION('ref_axis',(1.,0.,0.));
#3355=DIRECTION('center_axis',(0.,0.,-1.));
#3356=DIRECTION('ref_axis',(1.,0.,0.));
#3357=DIRECTION('',(0.,0.,-1.));
#3358=DIRECTION('center_axis',(0.,0.,1.));
#3359=DIRECTION('ref_axis',(1.,0.,0.));
#3360=DIRECTION('center_axis',(0.,0.,1.));
#3361=DIRECTION('ref_axis',(-1.,0.,0.));
#3362=DIRECTION('',(1.,0.,0.));
#3363=DIRECTION('center_axis',(0.,0.,1.));
#3364=DIRECTION('ref_axis',(1.,0.,0.));
#3365=DIRECTION('',(0.,1.,0.));
#3366=DIRECTION('center_axis',(0.,0.,-1.));
#3367=DIRECTION('ref_axis',(1.,0.,0.));
#3368=DIRECTION('center_axis',(0.,0.,-1.));
#3369=DIRECTION('ref_axis',(1.,0.,0.));
#3370=DIRECTION('center_axis',(0.,0.,-1.));
#3371=DIRECTION('ref_axis',(1.,0.,0.));
#3372=DIRECTION('',(0.,0.,-1.));
#3373=DIRECTION('center_axis',(0.,0.,1.));
#3374=DIRECTION('ref_axis',(1.,0.,0.));
#3375=DIRECTION('center_axis',(0.,0.,-1.));
#3376=DIRECTION('ref_axis',(1.,0.,0.));
#3377=DIRECTION('center_axis',(0.,0.,-1.));
#3378=DIRECTION('ref_axis',(1.,0.,0.));
#3379=DIRECTION('',(0.,0.,-1.));
#3380=DIRECTION('center_axis',(0.,0.,1.));
#3381=DIRECTION('ref_axis',(1.,0.,0.));
#3382=DIRECTION('center_axis',(0.,0.,1.));
#3383=DIRECTION('ref_axis',(1.,0.,0.));
#3384=DIRECTION('',(-1.,0.,0.));
#3385=DIRECTION('',(0.,-1.,0.));
#3386=DIRECTION('',(1.,0.,0.));
#3387=DIRECTION('',(0.,1.,0.));
#3388=DIRECTION('',(1.,0.,0.));
#3389=DIRECTION('',(0.,-1.,0.));
#3390=DIRECTION('',(-1.,0.,0.));
#3391=DIRECTION('',(0.,1.,0.));
#3392=DIRECTION('center_axis',(1.,0.,0.));
#3393=DIRECTION('ref_axis',(0.,1.,0.));
#3394=DIRECTION('',(0.,0.,1.));
#3395=DIRECTION('',(0.,-1.,0.));
#3396=DIRECTION('',(0.,0.,1.));
#3397=DIRECTION('center_axis',(0.,1.,0.));
#3398=DIRECTION('ref_axis',(-1.,0.,0.));
#3399=DIRECTION('',(0.,0.,-1.));
#3400=DIRECTION('',(1.,0.,0.));
#3401=DIRECTION('center_axis',(0.,1.,0.));
#3402=DIRECTION('ref_axis',(-1.,0.,0.));
#3403=DIRECTION('',(0.,0.,-1.));
#3404=DIRECTION('',(1.,0.,0.));
#3405=DIRECTION('',(0.,0.,-1.));
#3406=DIRECTION('center_axis',(1.,0.,0.));
#3407=DIRECTION('ref_axis',(0.,1.,0.));
#3408=DIRECTION('',(0.,0.,-1.));
#3409=DIRECTION('',(0.,-1.,0.));
#3410=DIRECTION('center_axis',(-1.,0.,0.));
#3411=DIRECTION('ref_axis',(0.,-1.,0.));
#3412=DIRECTION('',(0.,0.,1.));
#3413=DIRECTION('',(0.,1.,0.));
#3414=DIRECTION('center_axis',(0.,-1.,0.));
#3415=DIRECTION('ref_axis',(1.,0.,0.));
#3416=DIRECTION('',(-1.,0.,0.));
#3417=DIRECTION('center_axis',(0.,0.,1.));
#3418=DIRECTION('ref_axis',(1.,0.,0.));
#3419=DIRECTION('',(-1.,0.,0.));
#3420=DIRECTION('',(0.,1.,0.));
#3421=DIRECTION('',(1.,0.,0.));
#3422=DIRECTION('',(0.,-1.,0.));
#3423=DIRECTION('center_axis',(0.,0.,1.));
#3424=DIRECTION('ref_axis',(1.,0.,0.));
#3425=DIRECTION('',(1.,0.,0.));
#3426=DIRECTION('',(0.,1.,0.));
#3427=DIRECTION('',(-1.,0.,0.));
#3428=DIRECTION('',(0.,-1.,0.));
#3429=DIRECTION('',(0.,1.,0.));
#3430=DIRECTION('',(-1.,0.,0.));
#3431=DIRECTION('center_axis',(0.,-1.,0.));
#3432=DIRECTION('ref_axis',(1.,0.,0.));
#3433=DIRECTION('',(0.,0.,1.));
#3434=DIRECTION('center_axis',(-1.,0.,0.));
#3435=DIRECTION('ref_axis',(0.,-1.,0.));
#3436=DIRECTION('center_axis',(-1.,0.,0.));
#3437=DIRECTION('ref_axis',(0.,-1.,0.));
#3438=DIRECTION('',(0.,-1.,0.));
#3439=DIRECTION('',(0.,0.,1.));
#3440=DIRECTION('',(0.,0.,1.));
#3441=DIRECTION('center_axis',(0.,-1.,0.));
#3442=DIRECTION('ref_axis',(1.,0.,0.));
#3443=DIRECTION('',(1.,0.,0.));
#3444=DIRECTION('',(0.,0.,1.));
#3445=DIRECTION('center_axis',(1.,0.,0.));
#3446=DIRECTION('ref_axis',(0.,1.,0.));
#3447=DIRECTION('',(0.,1.,0.));
#3448=DIRECTION('',(0.,0.,1.));
#3449=DIRECTION('center_axis',(0.,1.,0.));
#3450=DIRECTION('ref_axis',(-1.,0.,0.));
#3451=DIRECTION('',(-1.,0.,0.));
#3452=DIRECTION('center_axis',(-1.,0.,0.));
#3453=DIRECTION('ref_axis',(0.,-1.,0.));
#3454=DIRECTION('',(0.,1.,0.));
#3455=DIRECTION('',(0.,0.,1.));
#3456=DIRECTION('',(0.,0.,1.));
#3457=DIRECTION('center_axis',(0.,1.,0.));
#3458=DIRECTION('ref_axis',(-1.,0.,0.));
#3459=DIRECTION('',(1.,0.,0.));
#3460=DIRECTION('',(0.,0.,1.));
#3461=DIRECTION('center_axis',(1.,0.,0.));
#3462=DIRECTION('ref_axis',(0.,1.,0.));
#3463=DIRECTION('',(0.,-1.,0.));
#3464=DIRECTION('',(0.,0.,1.));
#3465=DIRECTION('center_axis',(0.,-1.,0.));
#3466=DIRECTION('ref_axis',(1.,0.,0.));
#3467=DIRECTION('',(-1.,0.,0.));
#3468=DIRECTION('center_axis',(0.,0.,1.));
#3469=DIRECTION('ref_axis',(1.,0.,0.));
#3470=DIRECTION('center_axis',(0.,0.,-1.));
#3471=DIRECTION('ref_axis',(1.,0.,0.));
#3472=DIRECTION('center_axis',(0.,0.,-1.));
#3473=DIRECTION('ref_axis',(1.,0.,0.));
#3474=DIRECTION('',(0.,0.,-1.));
#3475=DIRECTION('center_axis',(0.,0.,-1.));
#3476=DIRECTION('ref_axis',(1.,0.,0.));
#3477=DIRECTION('center_axis',(0.,0.,-1.));
#3478=DIRECTION('ref_axis',(1.,0.,0.));
#3479=DIRECTION('center_axis',(0.,0.,-1.));
#3480=DIRECTION('ref_axis',(1.,0.,0.));
#3481=DIRECTION('center_axis',(0.,0.,-1.));
#3482=DIRECTION('ref_axis',(1.,0.,0.));
#3483=DIRECTION('',(0.,0.,-1.));
#3484=DIRECTION('center_axis',(0.,0.,-1.));
#3485=DIRECTION('ref_axis',(1.,0.,0.));
#3486=DIRECTION('center_axis',(0.,0.,-1.));
#3487=DIRECTION('ref_axis',(1.,0.,0.));
#3488=DIRECTION('center_axis',(0.,0.,-1.));
#3489=DIRECTION('ref_axis',(1.,0.,0.));
#3490=DIRECTION('center_axis',(0.,0.,-1.));
#3491=DIRECTION('ref_axis',(1.,0.,0.));
#3492=DIRECTION('',(0.,0.,-1.));
#3493=DIRECTION('center_axis',(0.,0.,-1.));
#3494=DIRECTION('ref_axis',(1.,0.,0.));
#3495=DIRECTION('center_axis',(0.,0.,-1.));
#3496=DIRECTION('ref_axis',(1.,0.,0.));
#3497=DIRECTION('center_axis',(0.,0.,-1.));
#3498=DIRECTION('ref_axis',(1.,0.,0.));
#3499=DIRECTION('center_axis',(0.,0.,-1.));
#3500=DIRECTION('ref_axis',(1.,0.,0.));
#3501=DIRECTION('',(0.,0.,-1.));
#3502=DIRECTION('center_axis',(0.,0.,-1.));
#3503=DIRECTION('ref_axis',(1.,0.,0.));
#3504=DIRECTION('center_axis',(0.,0.,-1.));
#3505=DIRECTION('ref_axis',(1.,0.,0.));
#3506=DIRECTION('center_axis',(0.,0.,1.));
#3507=DIRECTION('ref_axis',(1.,0.,0.));
#3508=DIRECTION('center_axis',(0.,0.,-1.));
#3509=DIRECTION('ref_axis',(1.,0.,0.));
#3510=DIRECTION('',(0.857167300702112,-1.04972719113862E-16,-0.515038074910054));
#3511=DIRECTION('center_axis',(0.,0.,-1.));
#3512=DIRECTION('ref_axis',(1.,0.,0.));
#3513=DIRECTION('center_axis',(0.,0.,-1.));
#3514=DIRECTION('ref_axis',(1.,0.,0.));
#3515=DIRECTION('center_axis',(0.,0.,-1.));
#3516=DIRECTION('ref_axis',(1.,0.,0.));
#3517=DIRECTION('center_axis',(0.,0.,-1.));
#3518=DIRECTION('ref_axis',(1.,0.,0.));
#3519=DIRECTION('center_axis',(0.,0.,-1.));
#3520=DIRECTION('ref_axis',(1.,0.,0.));
#3521=DIRECTION('',(0.,0.,-1.));
#3522=DIRECTION('center_axis',(0.,0.,-1.));
#3523=DIRECTION('ref_axis',(1.,0.,0.));
#3524=DIRECTION('',(0.,0.,-1.));
#3525=DIRECTION('center_axis',(0.,0.,1.));
#3526=DIRECTION('ref_axis',(1.,0.,0.));
#3527=DIRECTION('center_axis',(0.,0.,-1.));
#3528=DIRECTION('ref_axis',(1.,0.,0.));
#3529=DIRECTION('',(0.857167300702112,-1.04972719113862E-16,-0.515038074910054));
#3530=DIRECTION('center_axis',(0.,0.,-1.));
#3531=DIRECTION('ref_axis',(1.,0.,0.));
#3532=DIRECTION('center_axis',(0.,0.,-1.));
#3533=DIRECTION('ref_axis',(1.,0.,0.));
#3534=DIRECTION('center_axis',(0.,0.,-1.));
#3535=DIRECTION('ref_axis',(1.,0.,0.));
#3536=DIRECTION('center_axis',(0.,0.,-1.));
#3537=DIRECTION('ref_axis',(1.,0.,0.));
#3538=DIRECTION('center_axis',(0.,0.,-1.));
#3539=DIRECTION('ref_axis',(1.,0.,0.));
#3540=DIRECTION('',(0.,0.,-1.));
#3541=DIRECTION('center_axis',(0.,0.,-1.));
#3542=DIRECTION('ref_axis',(1.,0.,0.));
#3543=DIRECTION('',(0.,0.,-1.));
#3544=DIRECTION('center_axis',(0.,0.,1.));
#3545=DIRECTION('ref_axis',(1.,0.,0.));
#3546=DIRECTION('center_axis',(0.,0.,-1.));
#3547=DIRECTION('ref_axis',(1.,0.,0.));
#3548=DIRECTION('',(0.857167300702112,-1.04972719113862E-16,-0.515038074910054));
#3549=DIRECTION('center_axis',(0.,0.,-1.));
#3550=DIRECTION('ref_axis',(1.,0.,0.));
#3551=DIRECTION('center_axis',(0.,0.,-1.));
#3552=DIRECTION('ref_axis',(1.,0.,0.));
#3553=DIRECTION('center_axis',(0.,0.,1.));
#3554=DIRECTION('ref_axis',(1.,0.,0.));
#3555=DIRECTION('center_axis',(0.,0.,-1.));
#3556=DIRECTION('ref_axis',(1.,0.,0.));
#3557=DIRECTION('center_axis',(0.,0.,-1.));
#3558=DIRECTION('ref_axis',(1.,0.,0.));
#3559=DIRECTION('center_axis',(0.,0.,-1.));
#3560=DIRECTION('ref_axis',(1.,0.,0.));
#3561=DIRECTION('',(0.,0.,-1.));
#3562=DIRECTION('center_axis',(0.,0.,-1.));
#3563=DIRECTION('ref_axis',(1.,0.,0.));
#3564=DIRECTION('',(0.,0.,-1.));
#3565=DIRECTION('center_axis',(0.,0.,1.));
#3566=DIRECTION('ref_axis',(1.,0.,0.));
#3567=DIRECTION('center_axis',(0.,0.,-1.));
#3568=DIRECTION('ref_axis',(1.,0.,0.));
#3569=DIRECTION('',(0.857167300702112,-1.04972719113862E-16,-0.515038074910054));
#3570=DIRECTION('center_axis',(0.,0.,-1.));
#3571=DIRECTION('ref_axis',(1.,0.,0.));
#3572=DIRECTION('center_axis',(0.,0.,-1.));
#3573=DIRECTION('ref_axis',(1.,0.,0.));
#3574=DIRECTION('center_axis',(0.,0.,-1.));
#3575=DIRECTION('ref_axis',(1.,0.,0.));
#3576=DIRECTION('center_axis',(0.,0.,-1.));
#3577=DIRECTION('ref_axis',(1.,0.,0.));
#3578=DIRECTION('center_axis',(0.,0.,-1.));
#3579=DIRECTION('ref_axis',(1.,0.,0.));
#3580=DIRECTION('',(0.,0.,-1.));
#3581=DIRECTION('center_axis',(0.,0.,-1.));
#3582=DIRECTION('ref_axis',(1.,0.,0.));
#3583=DIRECTION('',(0.,0.,-1.));
#3584=DIRECTION('center_axis',(0.,0.,-1.));
#3585=DIRECTION('ref_axis',(-1.,0.,0.));
#3586=DIRECTION('center_axis',(0.,0.,-1.));
#3587=DIRECTION('ref_axis',(1.,0.,0.));
#3588=DIRECTION('center_axis',(0.,0.,-1.));
#3589=DIRECTION('ref_axis',(1.,0.,0.));
#3590=DIRECTION('center_axis',(0.,0.,1.));
#3591=DIRECTION('ref_axis',(1.,0.,0.));
#3592=DIRECTION('center_axis',(0.,0.,1.));
#3593=DIRECTION('ref_axis',(1.,0.,0.));
#3594=DIRECTION('',(0.,0.,-1.));
#3595=DIRECTION('center_axis',(0.,0.,1.));
#3596=DIRECTION('ref_axis',(1.,0.,0.));
#3597=DIRECTION('center_axis',(0.,0.,1.));
#3598=DIRECTION('ref_axis',(1.,0.,0.));
#3599=DIRECTION('center_axis',(0.,0.,-1.));
#3600=DIRECTION('ref_axis',(1.,0.,0.));
#3601=DIRECTION('',(0.857167300702112,-1.04972719113862E-16,-0.515038074910054));
#3602=DIRECTION('center_axis',(0.,0.,-1.));
#3603=DIRECTION('ref_axis',(1.,0.,0.));
#3604=DIRECTION('',(0.,0.,-1.));
#3605=DIRECTION('center_axis',(0.,0.,-1.));
#3606=DIRECTION('ref_axis',(-1.,0.,0.));
#3607=DIRECTION('center_axis',(0.,0.,-1.));
#3608=DIRECTION('ref_axis',(1.,0.,0.));
#3609=DIRECTION('center_axis',(0.,0.,1.));
#3610=DIRECTION('ref_axis',(1.,0.,0.));
#3611=DIRECTION('center_axis',(0.,0.,1.));
#3612=DIRECTION('ref_axis',(1.,0.,0.));
#3613=DIRECTION('center_axis',(0.,0.,1.));
#3614=DIRECTION('ref_axis',(1.,0.,0.));
#3615=DIRECTION('',(0.,0.,-1.));
#3616=DIRECTION('center_axis',(0.,0.,1.));
#3617=DIRECTION('ref_axis',(1.,0.,0.));
#3618=DIRECTION('center_axis',(0.,0.,-1.));
#3619=DIRECTION('ref_axis',(-1.,0.,0.));
#3620=DIRECTION('center_axis',(0.,0.,-1.));
#3621=DIRECTION('ref_axis',(1.,0.,0.));
#3622=DIRECTION('center_axis',(0.,0.,-1.));
#3623=DIRECTION('ref_axis',(1.,0.,0.));
#3624=DIRECTION('center_axis',(0.,0.,1.));
#3625=DIRECTION('ref_axis',(1.,0.,0.));
#3626=DIRECTION('center_axis',(0.,0.,1.));
#3627=DIRECTION('ref_axis',(1.,0.,0.));
#3628=DIRECTION('',(0.,0.,-1.));
#3629=DIRECTION('center_axis',(0.,0.,1.));
#3630=DIRECTION('ref_axis',(1.,0.,0.));
#3631=DIRECTION('center_axis',(0.,0.,-1.));
#3632=DIRECTION('ref_axis',(-1.,0.,0.));
#3633=DIRECTION('center_axis',(0.,0.,-1.));
#3634=DIRECTION('ref_axis',(1.,0.,0.));
#3635=DIRECTION('center_axis',(0.,0.,-1.));
#3636=DIRECTION('ref_axis',(1.,0.,0.));
#3637=DIRECTION('center_axis',(0.,0.,1.));
#3638=DIRECTION('ref_axis',(1.,0.,0.));
#3639=DIRECTION('center_axis',(0.,0.,1.));
#3640=DIRECTION('ref_axis',(1.,0.,0.));
#3641=DIRECTION('',(0.,0.,-1.));
#3642=DIRECTION('center_axis',(0.,0.,1.));
#3643=DIRECTION('ref_axis',(1.,0.,0.));
#3644=DIRECTION('center_axis',(0.,0.,1.));
#3645=DIRECTION('ref_axis',(1.,0.,0.));
#3646=DIRECTION('',(0.,0.,-1.));
#3647=DIRECTION('center_axis',(0.,0.,-1.));
#3648=DIRECTION('ref_axis',(1.,0.,0.));
#3649=DIRECTION('center_axis',(0.,0.,1.));
#3650=DIRECTION('ref_axis',(1.,0.,0.));
#3651=DIRECTION('',(0.,0.,-1.));
#3652=DIRECTION('center_axis',(0.,0.,-1.));
#3653=DIRECTION('ref_axis',(1.,0.,0.));
#3654=DIRECTION('center_axis',(0.,0.,1.));
#3655=DIRECTION('ref_axis',(1.,0.,0.));
#3656=DIRECTION('',(0.,0.,-1.));
#3657=DIRECTION('center_axis',(0.,0.,-1.));
#3658=DIRECTION('ref_axis',(1.,0.,0.));
#3659=DIRECTION('center_axis',(0.,0.,1.));
#3660=DIRECTION('ref_axis',(1.,0.,0.));
#3661=DIRECTION('',(0.,0.,-1.));
#3662=DIRECTION('center_axis',(0.,0.,-1.));
#3663=DIRECTION('ref_axis',(1.,0.,0.));
#3664=DIRECTION('center_axis',(-1.,0.,0.));
#3665=DIRECTION('ref_axis',(0.,-1.,0.));
#3666=DIRECTION('',(0.,1.,0.));
#3667=DIRECTION('',(0.,0.,1.));
#3668=DIRECTION('',(0.,-1.,0.));
#3669=DIRECTION('',(0.,0.,1.));
#3670=DIRECTION('center_axis',(0.,1.,0.));
#3671=DIRECTION('ref_axis',(-1.,0.,0.));
#3672=DIRECTION('',(1.,0.,0.));
#3673=DIRECTION('',(-1.,0.,0.));
#3674=DIRECTION('',(0.,0.,1.));
#3675=DIRECTION('center_axis',(1.,0.,0.));
#3676=DIRECTION('ref_axis',(0.,1.,0.));
#3677=DIRECTION('',(0.,-1.,0.));
#3678=DIRECTION('',(0.,1.,0.));
#3679=DIRECTION('',(0.,0.,1.));
#3680=DIRECTION('center_axis',(0.,-1.,0.));
#3681=DIRECTION('ref_axis',(1.,0.,0.));
#3682=DIRECTION('',(-1.,0.,0.));
#3683=DIRECTION('',(1.,0.,0.));
#3684=DIRECTION('center_axis',(0.,0.,1.));
#3685=DIRECTION('ref_axis',(1.,0.,0.));
#3686=DIRECTION('center_axis',(0.,0.,1.));
#3687=DIRECTION('ref_axis',(1.,0.,0.));
#3688=DIRECTION('center_axis',(1.,0.,0.));
#3689=DIRECTION('ref_axis',(0.,-1.,0.));
#3690=DIRECTION('',(0.,-1.,0.));
#3691=DIRECTION('',(0.,0.,-1.));
#3692=DIRECTION('',(0.,1.,0.));
#3693=DIRECTION('',(0.,0.,-1.));
#3694=DIRECTION('center_axis',(0.,1.,0.));
#3695=DIRECTION('ref_axis',(1.,0.,0.));
#3696=DIRECTION('',(1.,0.,0.));
#3697=DIRECTION('',(0.,0.,-1.));
#3698=DIRECTION('',(-1.,0.,0.));
#3699=DIRECTION('center_axis',(-1.,0.,0.));
#3700=DIRECTION('ref_axis',(0.,1.,0.));
#3701=DIRECTION('',(0.,1.,0.));
#3702=DIRECTION('',(0.,0.,-1.));
#3703=DIRECTION('',(0.,-1.,0.));
#3704=DIRECTION('center_axis',(0.,-1.,0.));
#3705=DIRECTION('ref_axis',(-1.,0.,0.));
#3706=DIRECTION('',(-1.,0.,0.));
#3707=DIRECTION('',(1.,0.,0.));
#3708=DIRECTION('center_axis',(-1.,0.,0.));
#3709=DIRECTION('ref_axis',(0.,1.,0.));
#3710=DIRECTION('',(0.,-1.,0.));
#3711=DIRECTION('',(0.,0.,-1.));
#3712=DIRECTION('',(0.,1.,0.));
#3713=DIRECTION('',(0.,0.,-1.));
#3714=DIRECTION('center_axis',(0.,-1.,0.));
#3715=DIRECTION('ref_axis',(-1.,0.,0.));
#3716=DIRECTION('',(1.,0.,0.));
#3717=DIRECTION('',(-1.,0.,0.));
#3718=DIRECTION('',(0.,0.,-1.));
#3719=DIRECTION('center_axis',(1.,0.,0.));
#3720=DIRECTION('ref_axis',(0.,-1.,0.));
#3721=DIRECTION('',(0.,1.,0.));
#3722=DIRECTION('',(0.,-1.,0.));
#3723=DIRECTION('',(0.,0.,-1.));
#3724=DIRECTION('center_axis',(0.,1.,0.));
#3725=DIRECTION('ref_axis',(1.,0.,0.));
#3726=DIRECTION('',(-1.,0.,0.));
#3727=DIRECTION('',(1.,0.,0.));
#3728=DIRECTION('center_axis',(-1.,0.,0.));
#3729=DIRECTION('ref_axis',(0.,1.,0.));
#3730=DIRECTION('',(0.,-1.,0.));
#3731=DIRECTION('',(0.,0.,-1.));
#3732=DIRECTION('',(0.,1.,0.));
#3733=DIRECTION('',(0.,0.,-1.));
#3734=DIRECTION('center_axis',(0.,-1.,0.));
#3735=DIRECTION('ref_axis',(-1.,0.,0.));
#3736=DIRECTION('',(1.,0.,0.));
#3737=DIRECTION('',(-1.,0.,0.));
#3738=DIRECTION('',(0.,0.,-1.));
#3739=DIRECTION('center_axis',(1.,0.,0.));
#3740=DIRECTION('ref_axis',(0.,-1.,0.));
#3741=DIRECTION('',(0.,1.,0.));
#3742=DIRECTION('',(0.,-1.,0.));
#3743=DIRECTION('',(0.,0.,-1.));
#3744=DIRECTION('center_axis',(0.,1.,0.));
#3745=DIRECTION('ref_axis',(1.,0.,0.));
#3746=DIRECTION('',(-1.,0.,0.));
#3747=DIRECTION('',(1.,0.,0.));
#3748=DIRECTION('center_axis',(-1.,0.,0.));
#3749=DIRECTION('ref_axis',(0.,1.,0.));
#3750=DIRECTION('',(0.,-1.,0.));
#3751=DIRECTION('',(0.,0.,-1.));
#3752=DIRECTION('',(0.,1.,0.));
#3753=DIRECTION('',(0.,0.,-1.));
#3754=DIRECTION('center_axis',(0.,-1.,0.));
#3755=DIRECTION('ref_axis',(-1.,0.,0.));
#3756=DIRECTION('',(1.,0.,0.));
#3757=DIRECTION('',(-1.,0.,0.));
#3758=DIRECTION('',(0.,0.,-1.));
#3759=DIRECTION('center_axis',(1.,0.,0.));
#3760=DIRECTION('ref_axis',(0.,-1.,0.));
#3761=DIRECTION('',(0.,1.,0.));
#3762=DIRECTION('',(0.,-1.,0.));
#3763=DIRECTION('',(0.,0.,-1.));
#3764=DIRECTION('center_axis',(0.,1.,0.));
#3765=DIRECTION('ref_axis',(1.,0.,0.));
#3766=DIRECTION('',(-1.,0.,0.));
#3767=DIRECTION('',(1.,0.,0.));
#3768=DIRECTION('center_axis',(-1.,0.,0.));
#3769=DIRECTION('ref_axis',(0.,1.,0.));
#3770=DIRECTION('',(0.,-1.,0.));
#3771=DIRECTION('',(0.,0.,-1.));
#3772=DIRECTION('',(0.,1.,0.));
#3773=DIRECTION('',(0.,0.,-1.));
#3774=DIRECTION('center_axis',(0.,-1.,0.));
#3775=DIRECTION('ref_axis',(-1.,0.,0.));
#3776=DIRECTION('',(1.,0.,0.));
#3777=DIRECTION('',(-1.,0.,0.));
#3778=DIRECTION('',(0.,0.,-1.));
#3779=DIRECTION('center_axis',(1.,0.,0.));
#3780=DIRECTION('ref_axis',(0.,-1.,0.));
#3781=DIRECTION('',(0.,1.,0.));
#3782=DIRECTION('',(0.,-1.,0.));
#3783=DIRECTION('',(0.,0.,-1.));
#3784=DIRECTION('center_axis',(0.,1.,0.));
#3785=DIRECTION('ref_axis',(1.,0.,0.));
#3786=DIRECTION('',(-1.,0.,0.));
#3787=DIRECTION('',(1.,0.,0.));
#3788=DIRECTION('center_axis',(-1.,0.,0.));
#3789=DIRECTION('ref_axis',(0.,1.,0.));
#3790=DIRECTION('',(0.,-1.,0.));
#3791=DIRECTION('',(0.,0.,-1.));
#3792=DIRECTION('',(0.,1.,0.));
#3793=DIRECTION('',(0.,0.,-1.));
#3794=DIRECTION('center_axis',(0.,-1.,0.));
#3795=DIRECTION('ref_axis',(-1.,0.,0.));
#3796=DIRECTION('',(1.,0.,0.));
#3797=DIRECTION('',(-1.,0.,0.));
#3798=DIRECTION('',(0.,0.,-1.));
#3799=DIRECTION('center_axis',(1.,0.,0.));
#3800=DIRECTION('ref_axis',(0.,-1.,0.));
#3801=DIRECTION('',(0.,1.,0.));
#3802=DIRECTION('',(0.,-1.,0.));
#3803=DIRECTION('',(0.,0.,-1.));
#3804=DIRECTION('center_axis',(0.,1.,0.));
#3805=DIRECTION('ref_axis',(1.,0.,0.));
#3806=DIRECTION('',(-1.,0.,0.));
#3807=DIRECTION('',(1.,0.,0.));
#3808=DIRECTION('center_axis',(-1.,0.,0.));
#3809=DIRECTION('ref_axis',(0.,1.,0.));
#3810=DIRECTION('',(0.,-1.,0.));
#3811=DIRECTION('',(0.,0.,-1.));
#3812=DIRECTION('',(0.,1.,0.));
#3813=DIRECTION('',(0.,0.,-1.));
#3814=DIRECTION('center_axis',(0.,-1.,0.));
#3815=DIRECTION('ref_axis',(-1.,0.,0.));
#3816=DIRECTION('',(1.,0.,0.));
#3817=DIRECTION('',(-1.,0.,0.));
#3818=DIRECTION('',(0.,0.,-1.));
#3819=DIRECTION('center_axis',(1.,0.,0.));
#3820=DIRECTION('ref_axis',(0.,-1.,0.));
#3821=DIRECTION('',(0.,1.,0.));
#3822=DIRECTION('',(0.,-1.,0.));
#3823=DIRECTION('',(0.,0.,-1.));
#3824=DIRECTION('center_axis',(0.,1.,0.));
#3825=DIRECTION('ref_axis',(1.,0.,0.));
#3826=DIRECTION('',(-1.,0.,0.));
#3827=DIRECTION('',(1.,0.,0.));
#3828=DIRECTION('center_axis',(-1.,0.,0.));
#3829=DIRECTION('ref_axis',(0.,1.,0.));
#3830=DIRECTION('',(0.,-1.,0.));
#3831=DIRECTION('',(0.,0.,-1.));
#3832=DIRECTION('',(0.,1.,0.));
#3833=DIRECTION('',(0.,0.,-1.));
#3834=DIRECTION('center_axis',(0.,-1.,0.));
#3835=DIRECTION('ref_axis',(-1.,0.,0.));
#3836=DIRECTION('',(1.,0.,0.));
#3837=DIRECTION('',(-1.,0.,0.));
#3838=DIRECTION('',(0.,0.,-1.));
#3839=DIRECTION('center_axis',(1.,0.,0.));
#3840=DIRECTION('ref_axis',(0.,-1.,0.));
#3841=DIRECTION('',(0.,1.,0.));
#3842=DIRECTION('',(0.,-1.,0.));
#3843=DIRECTION('',(0.,0.,-1.));
#3844=DIRECTION('center_axis',(0.,1.,0.));
#3845=DIRECTION('ref_axis',(1.,0.,0.));
#3846=DIRECTION('',(-1.,0.,0.));
#3847=DIRECTION('',(1.,0.,0.));
#3848=DIRECTION('center_axis',(-1.,0.,0.));
#3849=DIRECTION('ref_axis',(0.,1.,0.));
#3850=DIRECTION('',(0.,-1.,0.));
#3851=DIRECTION('',(0.,0.,-1.));
#3852=DIRECTION('',(0.,1.,0.));
#3853=DIRECTION('',(0.,0.,-1.));
#3854=DIRECTION('center_axis',(0.,-1.,0.));
#3855=DIRECTION('ref_axis',(-1.,0.,0.));
#3856=DIRECTION('',(1.,0.,0.));
#3857=DIRECTION('',(-1.,0.,0.));
#3858=DIRECTION('',(0.,0.,-1.));
#3859=DIRECTION('center_axis',(1.,0.,0.));
#3860=DIRECTION('ref_axis',(0.,-1.,0.));
#3861=DIRECTION('',(0.,1.,0.));
#3862=DIRECTION('',(0.,-1.,0.));
#3863=DIRECTION('',(0.,0.,-1.));
#3864=DIRECTION('center_axis',(0.,1.,0.));
#3865=DIRECTION('ref_axis',(1.,0.,0.));
#3866=DIRECTION('',(-1.,0.,0.));
#3867=DIRECTION('',(1.,0.,0.));
#3868=DIRECTION('center_axis',(-1.,0.,0.));
#3869=DIRECTION('ref_axis',(0.,1.,0.));
#3870=DIRECTION('',(0.,-1.,0.));
#3871=DIRECTION('',(0.,0.,-1.));
#3872=DIRECTION('',(0.,1.,0.));
#3873=DIRECTION('',(0.,0.,-1.));
#3874=DIRECTION('center_axis',(0.,-1.,0.));
#3875=DIRECTION('ref_axis',(-1.,0.,0.));
#3876=DIRECTION('',(1.,0.,0.));
#3877=DIRECTION('',(-1.,0.,0.));
#3878=DIRECTION('',(0.,0.,-1.));
#3879=DIRECTION('center_axis',(1.,0.,0.));
#3880=DIRECTION('ref_axis',(0.,-1.,0.));
#3881=DIRECTION('',(0.,1.,0.));
#3882=DIRECTION('',(0.,-1.,0.));
#3883=DIRECTION('',(0.,0.,-1.));
#3884=DIRECTION('center_axis',(0.,1.,0.));
#3885=DIRECTION('ref_axis',(1.,0.,0.));
#3886=DIRECTION('',(-1.,0.,0.));
#3887=DIRECTION('',(1.,0.,0.));
#3888=DIRECTION('center_axis',(-1.,0.,0.));
#3889=DIRECTION('ref_axis',(0.,1.,0.));
#3890=DIRECTION('',(0.,-1.,0.));
#3891=DIRECTION('',(0.,0.,-1.));
#3892=DIRECTION('',(0.,1.,0.));
#3893=DIRECTION('',(0.,0.,-1.));
#3894=DIRECTION('center_axis',(0.,-1.,0.));
#3895=DIRECTION('ref_axis',(-1.,0.,0.));
#3896=DIRECTION('',(1.,0.,0.));
#3897=DIRECTION('',(-1.,0.,0.));
#3898=DIRECTION('',(0.,0.,-1.));
#3899=DIRECTION('center_axis',(1.,0.,0.));
#3900=DIRECTION('ref_axis',(0.,-1.,0.));
#3901=DIRECTION('',(0.,1.,0.));
#3902=DIRECTION('',(0.,-1.,0.));
#3903=DIRECTION('',(0.,0.,-1.));
#3904=DIRECTION('center_axis',(0.,1.,0.));
#3905=DIRECTION('ref_axis',(1.,0.,0.));
#3906=DIRECTION('',(-1.,0.,0.));
#3907=DIRECTION('',(1.,0.,0.));
#3908=DIRECTION('center_axis',(-1.,0.,0.));
#3909=DIRECTION('ref_axis',(0.,1.,0.));
#3910=DIRECTION('',(0.,-1.,0.));
#3911=DIRECTION('',(0.,0.,-1.));
#3912=DIRECTION('',(0.,1.,0.));
#3913=DIRECTION('',(0.,0.,-1.));
#3914=DIRECTION('center_axis',(0.,-1.,0.));
#3915=DIRECTION('ref_axis',(-1.,0.,0.));
#3916=DIRECTION('',(1.,0.,0.));
#3917=DIRECTION('',(-1.,0.,0.));
#3918=DIRECTION('',(0.,0.,-1.));
#3919=DIRECTION('center_axis',(1.,0.,0.));
#3920=DIRECTION('ref_axis',(0.,-1.,0.));
#3921=DIRECTION('',(0.,1.,0.));
#3922=DIRECTION('',(0.,-1.,0.));
#3923=DIRECTION('',(0.,0.,-1.));
#3924=DIRECTION('center_axis',(0.,1.,0.));
#3925=DIRECTION('ref_axis',(1.,0.,0.));
#3926=DIRECTION('',(-1.,0.,0.));
#3927=DIRECTION('',(1.,0.,0.));
#3928=DIRECTION('center_axis',(-1.,0.,0.));
#3929=DIRECTION('ref_axis',(0.,1.,0.));
#3930=DIRECTION('',(0.,-1.,0.));
#3931=DIRECTION('',(0.,0.,-1.));
#3932=DIRECTION('',(0.,1.,0.));
#3933=DIRECTION('',(0.,0.,-1.));
#3934=DIRECTION('center_axis',(0.,-1.,0.));
#3935=DIRECTION('ref_axis',(-1.,0.,0.));
#3936=DIRECTION('',(1.,0.,0.));
#3937=DIRECTION('',(-1.,0.,0.));
#3938=DIRECTION('',(0.,0.,-1.));
#3939=DIRECTION('center_axis',(1.,0.,0.));
#3940=DIRECTION('ref_axis',(0.,-1.,0.));
#3941=DIRECTION('',(0.,1.,0.));
#3942=DIRECTION('',(0.,-1.,0.));
#3943=DIRECTION('',(0.,0.,-1.));
#3944=DIRECTION('center_axis',(0.,1.,0.));
#3945=DIRECTION('ref_axis',(1.,0.,0.));
#3946=DIRECTION('',(-1.,0.,0.));
#3947=DIRECTION('',(1.,0.,0.));
#3948=DIRECTION('center_axis',(-1.,0.,0.));
#3949=DIRECTION('ref_axis',(0.,1.,0.));
#3950=DIRECTION('',(0.,-1.,0.));
#3951=DIRECTION('',(0.,0.,-1.));
#3952=DIRECTION('',(0.,1.,0.));
#3953=DIRECTION('',(0.,0.,-1.));
#3954=DIRECTION('center_axis',(0.,-1.,0.));
#3955=DIRECTION('ref_axis',(-1.,0.,0.));
#3956=DIRECTION('',(1.,0.,0.));
#3957=DIRECTION('',(-1.,0.,0.));
#3958=DIRECTION('',(0.,0.,-1.));
#3959=DIRECTION('center_axis',(1.,0.,0.));
#3960=DIRECTION('ref_axis',(0.,-1.,0.));
#3961=DIRECTION('',(0.,1.,0.));
#3962=DIRECTION('',(0.,-1.,0.));
#3963=DIRECTION('',(0.,0.,-1.));
#3964=DIRECTION('center_axis',(0.,1.,0.));
#3965=DIRECTION('ref_axis',(1.,0.,0.));
#3966=DIRECTION('',(-1.,0.,0.));
#3967=DIRECTION('',(1.,0.,0.));
#3968=DIRECTION('center_axis',(-1.,0.,0.));
#3969=DIRECTION('ref_axis',(0.,1.,0.));
#3970=DIRECTION('',(0.,-1.,0.));
#3971=DIRECTION('',(0.,0.,-1.));
#3972=DIRECTION('',(0.,1.,0.));
#3973=DIRECTION('',(0.,0.,-1.));
#3974=DIRECTION('center_axis',(0.,-1.,0.));
#3975=DIRECTION('ref_axis',(-1.,0.,0.));
#3976=DIRECTION('',(1.,0.,0.));
#3977=DIRECTION('',(-1.,0.,0.));
#3978=DIRECTION('',(0.,0.,-1.));
#3979=DIRECTION('center_axis',(1.,0.,0.));
#3980=DIRECTION('ref_axis',(0.,-1.,0.));
#3981=DIRECTION('',(0.,1.,0.));
#3982=DIRECTION('',(0.,-1.,0.));
#3983=DIRECTION('',(0.,0.,-1.));
#3984=DIRECTION('center_axis',(0.,1.,0.));
#3985=DIRECTION('ref_axis',(1.,0.,0.));
#3986=DIRECTION('',(-1.,0.,0.));
#3987=DIRECTION('',(1.,0.,0.));
#3988=DIRECTION('center_axis',(-1.,0.,0.));
#3989=DIRECTION('ref_axis',(0.,1.,0.));
#3990=DIRECTION('',(0.,-1.,0.));
#3991=DIRECTION('',(0.,0.,-1.));
#3992=DIRECTION('',(0.,1.,0.));
#3993=DIRECTION('',(0.,0.,-1.));
#3994=DIRECTION('center_axis',(0.,-1.,0.));
#3995=DIRECTION('ref_axis',(-1.,0.,0.));
#3996=DIRECTION('',(1.,0.,0.));
#3997=DIRECTION('',(-1.,0.,0.));
#3998=DIRECTION('',(0.,0.,-1.));
#3999=DIRECTION('center_axis',(1.,0.,0.));
#4000=DIRECTION('ref_axis',(0.,-1.,0.));
#4001=DIRECTION('',(0.,1.,0.));
#4002=DIRECTION('',(0.,-1.,0.));
#4003=DIRECTION('',(0.,0.,-1.));
#4004=DIRECTION('center_axis',(0.,1.,0.));
#4005=DIRECTION('ref_axis',(1.,0.,0.));
#4006=DIRECTION('',(-1.,0.,0.));
#4007=DIRECTION('',(1.,0.,0.));
#4008=DIRECTION('center_axis',(-1.,0.,0.));
#4009=DIRECTION('ref_axis',(0.,1.,0.));
#4010=DIRECTION('',(0.,-1.,0.));
#4011=DIRECTION('',(0.,0.,-1.));
#4012=DIRECTION('',(0.,1.,0.));
#4013=DIRECTION('',(0.,0.,-1.));
#4014=DIRECTION('center_axis',(0.,-1.,0.));
#4015=DIRECTION('ref_axis',(-1.,0.,0.));
#4016=DIRECTION('',(1.,0.,0.));
#4017=DIRECTION('',(-1.,0.,0.));
#4018=DIRECTION('',(0.,0.,-1.));
#4019=DIRECTION('center_axis',(1.,0.,0.));
#4020=DIRECTION('ref_axis',(0.,-1.,0.));
#4021=DIRECTION('',(0.,1.,0.));
#4022=DIRECTION('',(0.,-1.,0.));
#4023=DIRECTION('',(0.,0.,-1.));
#4024=DIRECTION('center_axis',(0.,1.,0.));
#4025=DIRECTION('ref_axis',(1.,0.,0.));
#4026=DIRECTION('',(-1.,0.,0.));
#4027=DIRECTION('',(1.,0.,0.));
#4028=DIRECTION('center_axis',(-1.,0.,0.));
#4029=DIRECTION('ref_axis',(0.,1.,0.));
#4030=DIRECTION('',(0.,-1.,0.));
#4031=DIRECTION('',(0.,0.,-1.));
#4032=DIRECTION('',(0.,1.,0.));
#4033=DIRECTION('',(0.,0.,-1.));
#4034=DIRECTION('center_axis',(0.,-1.,0.));
#4035=DIRECTION('ref_axis',(-1.,0.,0.));
#4036=DIRECTION('',(1.,0.,0.));
#4037=DIRECTION('',(-1.,0.,0.));
#4038=DIRECTION('',(0.,0.,-1.));
#4039=DIRECTION('center_axis',(1.,0.,0.));
#4040=DIRECTION('ref_axis',(0.,-1.,0.));
#4041=DIRECTION('',(0.,1.,0.));
#4042=DIRECTION('',(0.,-1.,0.));
#4043=DIRECTION('',(0.,0.,-1.));
#4044=DIRECTION('center_axis',(0.,1.,0.));
#4045=DIRECTION('ref_axis',(1.,0.,0.));
#4046=DIRECTION('',(-1.,0.,0.));
#4047=DIRECTION('',(1.,0.,0.));
#4048=DIRECTION('center_axis',(-1.,0.,0.));
#4049=DIRECTION('ref_axis',(0.,1.,0.));
#4050=DIRECTION('',(0.,-1.,0.));
#4051=DIRECTION('',(0.,0.,-1.));
#4052=DIRECTION('',(0.,1.,0.));
#4053=DIRECTION('',(0.,0.,-1.));
#4054=DIRECTION('center_axis',(0.,-1.,0.));
#4055=DIRECTION('ref_axis',(-1.,0.,0.));
#4056=DIRECTION('',(1.,0.,0.));
#4057=DIRECTION('',(-1.,0.,0.));
#4058=DIRECTION('',(0.,0.,-1.));
#4059=DIRECTION('center_axis',(1.,0.,0.));
#4060=DIRECTION('ref_axis',(0.,-1.,0.));
#4061=DIRECTION('',(0.,1.,0.));
#4062=DIRECTION('',(0.,-1.,0.));
#4063=DIRECTION('',(0.,0.,-1.));
#4064=DIRECTION('center_axis',(0.,1.,0.));
#4065=DIRECTION('ref_axis',(1.,0.,0.));
#4066=DIRECTION('',(-1.,0.,0.));
#4067=DIRECTION('',(1.,0.,0.));
#4068=DIRECTION('center_axis',(-1.,0.,0.));
#4069=DIRECTION('ref_axis',(0.,1.,0.));
#4070=DIRECTION('',(0.,-1.,0.));
#4071=DIRECTION('',(0.,0.,-1.));
#4072=DIRECTION('',(0.,1.,0.));
#4073=DIRECTION('',(0.,0.,-1.));
#4074=DIRECTION('center_axis',(0.,-1.,0.));
#4075=DIRECTION('ref_axis',(-1.,0.,0.));
#4076=DIRECTION('',(1.,0.,0.));
#4077=DIRECTION('',(-1.,0.,0.));
#4078=DIRECTION('',(0.,0.,-1.));
#4079=DIRECTION('center_axis',(1.,0.,0.));
#4080=DIRECTION('ref_axis',(0.,-1.,0.));
#4081=DIRECTION('',(0.,1.,0.));
#4082=DIRECTION('',(0.,-1.,0.));
#4083=DIRECTION('',(0.,0.,-1.));
#4084=DIRECTION('center_axis',(0.,1.,0.));
#4085=DIRECTION('ref_axis',(1.,0.,0.));
#4086=DIRECTION('',(-1.,0.,0.));
#4087=DIRECTION('',(1.,0.,0.));
#4088=DIRECTION('center_axis',(-1.,0.,0.));
#4089=DIRECTION('ref_axis',(0.,1.,0.));
#4090=DIRECTION('',(0.,-1.,0.));
#4091=DIRECTION('',(0.,0.,-1.));
#4092=DIRECTION('',(0.,1.,0.));
#4093=DIRECTION('',(0.,0.,-1.));
#4094=DIRECTION('center_axis',(0.,-1.,0.));
#4095=DIRECTION('ref_axis',(-1.,0.,0.));
#4096=DIRECTION('',(1.,0.,0.));
#4097=DIRECTION('',(-1.,0.,0.));
#4098=DIRECTION('',(0.,0.,-1.));
#4099=DIRECTION('center_axis',(1.,0.,0.));
#4100=DIRECTION('ref_axis',(0.,-1.,0.));
#4101=DIRECTION('',(0.,1.,0.));
#4102=DIRECTION('',(0.,-1.,0.));
#4103=DIRECTION('',(0.,0.,-1.));
#4104=DIRECTION('center_axis',(0.,1.,0.));
#4105=DIRECTION('ref_axis',(1.,0.,0.));
#4106=DIRECTION('',(-1.,0.,0.));
#4107=DIRECTION('',(1.,0.,0.));
#4108=DIRECTION('center_axis',(-1.,0.,0.));
#4109=DIRECTION('ref_axis',(0.,-1.,0.));
#4110=DIRECTION('',(0.,1.,0.));
#4111=DIRECTION('',(0.,0.,1.));
#4112=DIRECTION('',(0.,-1.,0.));
#4113=DIRECTION('',(0.,0.,1.));
#4114=DIRECTION('center_axis',(0.,1.,0.));
#4115=DIRECTION('ref_axis',(-1.,0.,0.));
#4116=DIRECTION('',(1.,0.,0.));
#4117=DIRECTION('',(-1.,0.,0.));
#4118=DIRECTION('',(0.,0.,1.));
#4119=DIRECTION('center_axis',(1.,0.,0.));
#4120=DIRECTION('ref_axis',(0.,1.,0.));
#4121=DIRECTION('',(0.,-1.,0.));
#4122=DIRECTION('',(0.,1.,0.));
#4123=DIRECTION('',(0.,0.,1.));
#4124=DIRECTION('center_axis',(0.,-1.,0.));
#4125=DIRECTION('ref_axis',(1.,0.,0.));
#4126=DIRECTION('',(-1.,0.,0.));
#4127=DIRECTION('',(1.,0.,0.));
#4128=DIRECTION('center_axis',(0.,0.,1.));
#4129=DIRECTION('ref_axis',(1.,0.,0.));
#4130=DIRECTION('center_axis',(0.,0.,1.));
#4131=DIRECTION('ref_axis',(1.,0.,0.));
#4132=CARTESIAN_POINT('',(0.,0.,0.));
#4133=CARTESIAN_POINT('Origin',(134.35434594317,-70.0342590029411,20.854487615168));
#4134=CARTESIAN_POINT('',(134.35434594317,-57.5342590029411,17.354487615168));
#4135=CARTESIAN_POINT('Origin',(134.35434594317,-57.5342590029411,20.854487615168));
#4136=CARTESIAN_POINT('',(134.35434594317,-65.,17.354487615168));
#4137=CARTESIAN_POINT('',(134.35434594317,-70.0342590029411,17.354487615168));
#4138=CARTESIAN_POINT('Origin',(134.35434594317,-65.,20.854487615168));
#4139=CARTESIAN_POINT('Origin',(99.9333658895737,-61.8419721062374,24.0046185530081));
#4140=CARTESIAN_POINT('',(98.4333658895737,-61.8419721062374,39.0046185530081));
#4141=CARTESIAN_POINT('Origin',(99.9333658895737,-61.8419721062374,39.0046185530081));
#4142=CARTESIAN_POINT('',(98.4333658895737,-61.8419721062374,16.0046185530081));
#4143=CARTESIAN_POINT('',(98.4333658895737,-61.8419721062374,24.0046185530081));
#4144=CARTESIAN_POINT('Origin',(99.9333658895737,-61.8419721062374,16.0046185530081));
#4145=CARTESIAN_POINT('Origin',(167.964994558042,-61.2963070460217,24.0046185530081));
#4146=CARTESIAN_POINT('',(166.464994558042,-61.2963070460217,39.0046185530081));
#4147=CARTESIAN_POINT('Origin',(167.964994558042,-61.2963070460217,39.0046185530081));
#4148=CARTESIAN_POINT('',(166.464994558042,-61.2963070460217,16.0046185530081));
#4149=CARTESIAN_POINT('',(166.464994558042,-61.2963070460217,24.0046185530081));
#4150=CARTESIAN_POINT('Origin',(167.964994558042,-61.2963070460217,16.0046185530081));
#4151=CARTESIAN_POINT('Origin',(168.529153980313,-154.568314035369,39.0046185530081));
#4152=CARTESIAN_POINT('',(167.442539886023,-153.534259002941,39.0046185530081));
#4153=CARTESIAN_POINT('',(167.495098947885,-153.534259002941,39.0046185530081));
#4154=CARTESIAN_POINT('',(150.245098947885,-153.534259002941,39.0046185530081));
#4155=CARTESIAN_POINT('',(167.495098947885,-153.481699941079,39.0046185530081));
#4156=CARTESIAN_POINT('Origin',(168.529153980313,-154.568314035369,39.0046185530081));
#4157=CARTESIAN_POINT('',(167.495098947885,-86.2671295014705,39.0046185530081));
#4158=CARTESIAN_POINT('Origin',(168.529153980313,-154.568314035369,24.0046185530081));
#4159=CARTESIAN_POINT('',(167.029153980313,-154.568314035369,39.0046185530081));
#4160=CARTESIAN_POINT('Origin',(168.529153980313,-154.568314035369,39.0046185530081));
#4161=CARTESIAN_POINT('Origin',(168.529153980313,-154.568314035369,39.0046185530081));
#4162=CARTESIAN_POINT('',(167.029153980313,-154.568314035369,16.0046185530081));
#4163=CARTESIAN_POINT('',(167.029153980313,-154.568314035369,24.0046185530081));
#4164=CARTESIAN_POINT('Origin',(168.529153980313,-154.568314035369,16.0046185530081));
#4165=CARTESIAN_POINT('Origin',(99.7535302317602,-154.433437292009,24.0046185530081));
#4166=CARTESIAN_POINT('',(98.2535302317602,-154.433437292009,39.0046185530081));
#4167=CARTESIAN_POINT('Origin',(99.7535302317602,-154.433437292009,39.0046185530081));
#4168=CARTESIAN_POINT('',(98.2535302317602,-154.433437292009,16.0046185530081));
#4169=CARTESIAN_POINT('',(98.2535302317602,-154.433437292009,24.0046185530081));
#4170=CARTESIAN_POINT('Origin',(99.7535302317602,-154.433437292009,16.0046185530081));
#4171=CARTESIAN_POINT('Origin',(133.995098947885,-107.534259002941,39.0046185530081));
#4172=CARTESIAN_POINT('',(170.495098947885,-156.534259002941,39.0046185530081));
#4173=CARTESIAN_POINT('',(97.495098947885,-156.534259002941,39.0046185530081));
#4174=CARTESIAN_POINT('',(115.245098947885,-156.534259002941,39.0046185530081));
#4175=CARTESIAN_POINT('',(170.495098947885,-58.5342590029411,39.0046185530081));
#4176=CARTESIAN_POINT('',(170.495098947885,-132.534259002941,39.0046185530081));
#4177=CARTESIAN_POINT('',(97.495098947885,-58.5342590029411,39.0046185530081));
#4178=CARTESIAN_POINT('',(152.745098947885,-58.5342590029411,39.0046185530081));
#4179=CARTESIAN_POINT('',(97.495098947885,-82.5342590029411,39.0046185530081));
#4180=CARTESIAN_POINT('',(101.551886809896,-153.534259002941,39.0046185530081));
#4181=CARTESIAN_POINT('',(150.245098947885,-153.534259002941,39.0046185530081));
#4182=CARTESIAN_POINT('',(101.551886809896,-64.,39.0046185530081));
#4183=CARTESIAN_POINT('',(101.551886809896,-130.034259002941,39.0046185530081));
#4184=CARTESIAN_POINT('',(167.495098947885,-64.,39.0046185530081));
#4185=CARTESIAN_POINT('',(118.27349287889,-64.,39.0046185530081));
#4186=CARTESIAN_POINT('',(167.495098947885,-86.2671295014705,39.0046185530081));
#4187=CARTESIAN_POINT('Origin',(101.551886809896,-152.534259002941,36.0046185530081));
#4188=CARTESIAN_POINT('',(101.551886809896,-153.534259002941,40.0046185530081));
#4189=CARTESIAN_POINT('',(101.551886809896,-153.534259002941,36.0046185530081));
#4190=CARTESIAN_POINT('',(101.551886809896,-64.,40.0046185530081));
#4191=CARTESIAN_POINT('',(101.551886809896,-130.034259002941,40.0046185530081));
#4192=CARTESIAN_POINT('',(101.551886809896,-64.,36.0046185530081));
#4193=CARTESIAN_POINT('Origin',(166.495098947885,-153.534259002941,36.0046185530081));
#4194=CARTESIAN_POINT('',(167.495098947885,-153.534259002941,40.0046185530081));
#4195=CARTESIAN_POINT('',(167.495098947885,-153.534259002941,36.0046185530081));
#4196=CARTESIAN_POINT('',(150.245098947885,-153.534259002941,40.0046185530081));
#4197=CARTESIAN_POINT('Origin',(171.495098947885,-58.5342590029411,36.0046185530081));
#4198=CARTESIAN_POINT('',(170.495098947885,-58.5342590029411,40.0046185530081));
#4199=CARTESIAN_POINT('',(170.495098947885,-58.5342590029411,36.0046185530081));
#4200=CARTESIAN_POINT('',(97.495098947885,-58.5342590029411,40.0046185530081));
#4201=CARTESIAN_POINT('',(152.745098947885,-58.5342590029411,40.0046185530081));
#4202=CARTESIAN_POINT('',(97.495098947885,-58.5342590029411,36.0046185530081));
#4203=CARTESIAN_POINT('Origin',(170.495098947885,-157.534259002941,36.0046185530081));
#4204=CARTESIAN_POINT('',(170.495098947885,-156.534259002941,40.0046185530081));
#4205=CARTESIAN_POINT('',(170.495098947885,-156.534259002941,36.0046185530081));
#4206=CARTESIAN_POINT('',(170.495098947885,-132.534259002941,40.0046185530081));
#4207=CARTESIAN_POINT('Origin',(167.495098947885,-65.,36.0046185530081));
#4208=CARTESIAN_POINT('',(167.495098947885,-64.,40.0046185530081));
#4209=CARTESIAN_POINT('',(167.495098947885,-64.,36.0046185530081));
#4210=CARTESIAN_POINT('',(167.495098947885,-86.2671295014705,40.0046185530081));
#4211=CARTESIAN_POINT('Origin',(102.551886809896,-64.,36.0046185530081));
#4212=CARTESIAN_POINT('',(118.27349287889,-64.,40.0046185530081));
#4213=CARTESIAN_POINT('Origin',(133.995098947885,-107.534259002941,40.0046185530081));
#4214=CARTESIAN_POINT('',(166.495098947885,-152.534259002941,40.0046185530081));
#4215=CARTESIAN_POINT('',(102.551886809896,-152.534259002941,40.0046185530081));
#4216=CARTESIAN_POINT('',(166.495098947885,-152.534259002941,40.0046185530081));
#4217=CARTESIAN_POINT('',(102.551886809896,-65.,40.0046185530081));
#4218=CARTESIAN_POINT('',(102.551886809896,-152.534259002941,40.0046185530081));
#4219=CARTESIAN_POINT('',(166.495098947885,-65.,40.0046185530081));
#4220=CARTESIAN_POINT('',(102.551886809896,-65.,40.0046185530081));
#4221=CARTESIAN_POINT('',(166.495098947885,-65.,40.0046185530081));
#4222=CARTESIAN_POINT('Origin',(133.995098947885,-107.534259002941,40.0046185530081));
#4223=CARTESIAN_POINT('',(96.495098947885,-157.534259002941,40.0046185530081));
#4224=CARTESIAN_POINT('',(171.495098947885,-157.534259002941,40.0046185530081));
#4225=CARTESIAN_POINT('',(171.495098947885,-157.534259002941,40.0046185530081));
#4226=CARTESIAN_POINT('',(171.495098947885,-57.5342590029411,40.0046185530081));
#4227=CARTESIAN_POINT('',(171.495098947885,-57.5342590029411,40.0046185530081));
#4228=CARTESIAN_POINT('',(96.495098947885,-57.5342590029411,40.0046185530081));
#4229=CARTESIAN_POINT('',(96.495098947885,-57.5342590029411,40.0046185530081));
#4230=CARTESIAN_POINT('',(96.495098947885,-157.534259002941,40.0046185530081));
#4231=CARTESIAN_POINT('',(97.495098947885,-156.534259002941,40.0046185530081));
#4232=CARTESIAN_POINT('',(97.495098947885,-82.5342590029411,40.0046185530081));
#4233=CARTESIAN_POINT('',(115.245098947885,-156.534259002941,40.0046185530081));
#4234=CARTESIAN_POINT('Origin',(96.495098947885,-156.534259002941,36.0046185530081));
#4235=CARTESIAN_POINT('',(97.495098947885,-156.534259002941,36.0046185530081));
#4236=CARTESIAN_POINT('Origin',(97.495098947885,-57.5342590029411,36.0046185530081));
#4237=CARTESIAN_POINT('Origin',(166.495098947885,-65.,16.0046185530081));
#4238=CARTESIAN_POINT('',(166.495098947885,-65.,16.0046185530081));
#4239=CARTESIAN_POINT('',(166.495098947885,-152.534259002941,16.0046185530081));
#4240=CARTESIAN_POINT('',(166.495098947885,-65.,16.0046185530081));
#4241=CARTESIAN_POINT('',(166.495098947885,-152.534259002941,16.0046185530081));
#4242=CARTESIAN_POINT('',(166.495098947885,-65.,16.0046185530081));
#4243=CARTESIAN_POINT('Origin',(102.551886809896,-65.,16.0046185530081));
#4244=CARTESIAN_POINT('',(102.551886809896,-65.,16.0046185530081));
#4245=CARTESIAN_POINT('',(102.551886809896,-65.,16.0046185530081));
#4246=CARTESIAN_POINT('',(102.551886809896,-65.,16.0046185530081));
#4247=CARTESIAN_POINT('Origin',(102.551886809896,-152.534259002941,16.0046185530081));
#4248=CARTESIAN_POINT('',(102.551886809896,-152.534259002941,16.0046185530081));
#4249=CARTESIAN_POINT('',(102.551886809896,-152.534259002941,16.0046185530081));
#4250=CARTESIAN_POINT('',(102.551886809896,-152.534259002941,16.0046185530081));
#4251=CARTESIAN_POINT('Origin',(166.495098947885,-152.534259002941,16.0046185530081));
#4252=CARTESIAN_POINT('',(166.495098947885,-152.534259002941,16.0046185530081));
#4253=CARTESIAN_POINT('Origin',(96.495098947885,-57.5342590029411,16.0046185530081));
#4254=CARTESIAN_POINT('',(96.495098947885,-157.534259002941,16.0046185530081));
#4255=CARTESIAN_POINT('',(96.495098947885,-57.5342590029411,16.0046185530081));
#4256=CARTESIAN_POINT('',(96.495098947885,-157.534259002941,16.0046185530081));
#4257=CARTESIAN_POINT('',(96.495098947885,-157.534259002941,16.0046185530081));
#4258=CARTESIAN_POINT('',(96.495098947885,-57.5342590029411,16.0046185530081));
#4259=CARTESIAN_POINT('Origin',(171.495098947885,-57.5342590029411,16.0046185530081));
#4260=CARTESIAN_POINT('',(171.495098947885,-57.5342590029411,16.0046185530081));
#4261=CARTESIAN_POINT('',(96.495098947885,-57.5342590029411,16.0046185530081));
#4262=CARTESIAN_POINT('',(171.495098947885,-57.5342590029411,16.0046185530081));
#4263=CARTESIAN_POINT('Origin',(171.495098947885,-157.534259002941,16.0046185530081));
#4264=CARTESIAN_POINT('',(171.495098947885,-157.534259002941,16.0046185530081));
#4265=CARTESIAN_POINT('',(171.495098947885,-57.5342590029411,16.0046185530081));
#4266=CARTESIAN_POINT('',(171.495098947885,-157.534259002941,16.0046185530081));
#4267=CARTESIAN_POINT('Origin',(96.495098947885,-157.534259002941,16.0046185530081));
#4268=CARTESIAN_POINT('',(171.495098947885,-157.534259002941,16.0046185530081));
#4269=CARTESIAN_POINT('Origin',(133.995098947885,-107.534259002941,16.0046185530081));
#4270=CARTESIAN_POINT('Origin',(-2.58961877580559,-73.0922039857911,4.));
#4271=CARTESIAN_POINT('',(-3.78961877580559,-73.0922039857911,5.));
#4272=CARTESIAN_POINT('Origin',(-2.58961877580559,-73.0922039857911,5.));
#4273=CARTESIAN_POINT('',(-3.78961877580559,-73.0922039857911,3.));
#4274=CARTESIAN_POINT('',(-3.78961877580559,-73.0922039857911,4.));
#4275=CARTESIAN_POINT('Origin',(-2.58961877580559,-73.0922039857911,3.));
#4276=CARTESIAN_POINT('Origin',(-2.58961877580559,-73.0922039857911,3.));
#4277=CARTESIAN_POINT('Origin',(66.7941888266467,-73.3418125367932,4.));
#4278=CARTESIAN_POINT('',(65.2941888266467,-73.3418125367932,5.));
#4279=CARTESIAN_POINT('Origin',(66.7941888266467,-73.3418125367932,5.));
#4280=CARTESIAN_POINT('',(65.2941888266467,-73.3418125367932,3.));
#4281=CARTESIAN_POINT('',(65.2941888266467,-73.3418125367932,4.));
#4282=CARTESIAN_POINT('Origin',(66.7941888266467,-73.3418125367932,3.));
#4283=CARTESIAN_POINT('Origin',(66.7941888266467,-73.3418125367932,3.));
#4284=CARTESIAN_POINT('Origin',(66.5445802756445,-166.851990210738,4.));
#4285=CARTESIAN_POINT('',(65.0445802756445,-166.851990210738,5.));
#4286=CARTESIAN_POINT('Origin',(66.5445802756445,-166.851990210738,5.));
#4287=CARTESIAN_POINT('',(65.0445802756445,-166.851990210738,3.));
#4288=CARTESIAN_POINT('',(65.0445802756445,-166.851990210738,4.));
#4289=CARTESIAN_POINT('Origin',(66.5445802756445,-166.851990210738,3.));
#4290=CARTESIAN_POINT('Origin',(66.5445802756445,-166.851990210738,3.));
#4291=CARTESIAN_POINT('Origin',(-1.34157602079497,-165.104730353723,4.));
#4292=CARTESIAN_POINT('',(-2.84157602079497,-165.104730353723,5.));
#4293=CARTESIAN_POINT('Origin',(-1.34157602079497,-165.104730353723,5.));
#4294=CARTESIAN_POINT('',(-2.84157602079497,-165.104730353723,3.));
#4295=CARTESIAN_POINT('',(-2.84157602079497,-165.104730353723,4.));
#4296=CARTESIAN_POINT('Origin',(-1.34157602079497,-165.104730353723,3.));
#4297=CARTESIAN_POINT('Origin',(-1.34157602079497,-165.104730353723,3.));
#4298=CARTESIAN_POINT('Origin',(55.2597315547915,-158.30276243107,27.9714591205962));
#4299=CARTESIAN_POINT('',(55.1647315547915,-158.30276243107,28.));
#4300=CARTESIAN_POINT('Origin',(55.2597315547915,-158.30276243107,28.));
#4301=CARTESIAN_POINT('',(55.2597315547915,-158.30276243107,27.9429182411924));
#4302=CARTESIAN_POINT('',(55.2122315547915,-158.30276243107,27.9714591205962));
#4303=CARTESIAN_POINT('Origin',(55.2597315547915,-158.30276243107,32.));
#4304=CARTESIAN_POINT('',(54.0597315547915,-158.30276243107,32.));
#4305=CARTESIAN_POINT('Origin',(55.2597315547915,-158.30276243107,32.));
#4306=CARTESIAN_POINT('',(55.1647315547915,-158.30276243107,32.));
#4307=CARTESIAN_POINT('Origin',(55.2597315547915,-158.30276243107,32.));
#4308=CARTESIAN_POINT('Origin',(55.2597315547915,-158.30276243107,32.5));
#4309=CARTESIAN_POINT('',(54.0597315547915,-158.30276243107,33.));
#4310=CARTESIAN_POINT('Origin',(55.2597315547915,-158.30276243107,33.));
#4311=CARTESIAN_POINT('',(54.0597315547915,-158.30276243107,32.5));
#4312=CARTESIAN_POINT('Origin',(55.2597315547915,-158.30276243107,30.5));
#4313=CARTESIAN_POINT('',(55.1647315547915,-158.30276243107,30.5));
#4314=CARTESIAN_POINT('Origin',(55.5278475009963,-79.379667721572,27.9714591205962));
#4315=CARTESIAN_POINT('',(55.4328475009963,-79.379667721572,28.));
#4316=CARTESIAN_POINT('Origin',(55.5278475009963,-79.379667721572,28.));
#4317=CARTESIAN_POINT('',(55.5278475009963,-79.379667721572,27.9429182411924));
#4318=CARTESIAN_POINT('',(55.4803475009963,-79.379667721572,27.9714591205962));
#4319=CARTESIAN_POINT('Origin',(55.5278475009963,-79.379667721572,28.5));
#4320=CARTESIAN_POINT('',(54.3278475009963,-79.379667721572,28.5));
#4321=CARTESIAN_POINT('Origin',(55.5278475009963,-79.379667721572,28.5));
#4322=CARTESIAN_POINT('',(55.4328475009963,-79.379667721572,28.5));
#4323=CARTESIAN_POINT('Origin',(55.5278475009963,-79.379667721572,28.5));
#4324=CARTESIAN_POINT('Origin',(55.5278475009963,-79.379667721572,30.75));
#4325=CARTESIAN_POINT('',(54.3278475009963,-79.379667721572,33.));
#4326=CARTESIAN_POINT('Origin',(55.5278475009963,-79.379667721572,33.));
#4327=CARTESIAN_POINT('',(54.3278475009963,-79.379667721572,30.75));
#4328=CARTESIAN_POINT('Origin',(55.5278475009963,-79.379667721572,30.5));
#4329=CARTESIAN_POINT('',(55.4328475009963,-79.379667721572,30.5));
#4330=CARTESIAN_POINT('Origin',(10.2456529376956,-79.3034791173192,22.9714591205962));
#4331=CARTESIAN_POINT('',(10.1506529376956,-79.3034791173192,23.));
#4332=CARTESIAN_POINT('Origin',(10.2456529376956,-79.3034791173192,23.));
#4333=CARTESIAN_POINT('',(10.2456529376956,-79.3034791173192,22.9429182411924));
#4334=CARTESIAN_POINT('',(10.1981529376956,-79.3034791173192,22.9714591205962));
#4335=CARTESIAN_POINT('Origin',(10.2456529376956,-79.3034791173192,32.));
#4336=CARTESIAN_POINT('',(9.04565293769557,-79.3034791173192,32.));
#4337=CARTESIAN_POINT('Origin',(10.2456529376956,-79.3034791173192,32.));
#4338=CARTESIAN_POINT('',(9.79957901526262,-79.8035675774367,32.));
#4339=CARTESIAN_POINT('Origin',(9.89457901526261,-79.8035675774367,32.));
#4340=CARTESIAN_POINT('',(10.1506529376956,-79.3034791173192,32.));
#4341=CARTESIAN_POINT('Origin',(10.2456529376956,-79.3034791173192,32.));
#4342=CARTESIAN_POINT('Origin',(10.2456529376956,-79.3034791173192,32.5));
#4343=CARTESIAN_POINT('',(9.04565293769557,-79.3034791173192,33.));
#4344=CARTESIAN_POINT('Origin',(10.2456529376956,-79.3034791173192,33.));
#4345=CARTESIAN_POINT('',(9.04565293769557,-79.3034791173192,32.5));
#4346=CARTESIAN_POINT('Origin',(10.2456529376956,-79.3034791173192,28.));
#4347=CARTESIAN_POINT('',(10.1506529376956,-79.3034791173192,28.));
#4348=CARTESIAN_POINT('Origin',(9.89457901526263,-160.112092778683,30.5714591205962));
#4349=CARTESIAN_POINT('',(9.79957901526263,-160.112092778683,30.6));
#4350=CARTESIAN_POINT('Origin',(9.89457901526263,-160.112092778683,30.6));
#4351=CARTESIAN_POINT('',(9.89457901526263,-160.112092778683,30.5429182411924));
#4352=CARTESIAN_POINT('',(9.84707901526263,-160.112092778683,30.5714591205962));
#4353=CARTESIAN_POINT('Origin',(9.89457901526263,-160.112092778683,32.));
#4354=CARTESIAN_POINT('',(8.69457901526263,-160.112092778683,32.));
#4355=CARTESIAN_POINT('Origin',(9.89457901526263,-160.112092778683,32.));
#4356=CARTESIAN_POINT('',(9.79957901526264,-160.112092778683,32.));
#4357=CARTESIAN_POINT('Origin',(9.89457901526263,-160.112092778683,32.));
#4358=CARTESIAN_POINT('Origin',(9.89457901526263,-160.112092778683,32.5));
#4359=CARTESIAN_POINT('',(8.69457901526263,-160.112092778683,33.));
#4360=CARTESIAN_POINT('Origin',(9.89457901526263,-160.112092778683,33.));
#4361=CARTESIAN_POINT('',(8.69457901526263,-160.112092778683,32.5));
#4362=CARTESIAN_POINT('Origin',(9.89457901526263,-160.112092778683,31.8));
#4363=CARTESIAN_POINT('',(9.79957901526263,-160.112092778683,31.8));
#4364=CARTESIAN_POINT('Origin',(9.78949143867213,-159.847292822764,28.));
#4365=CARTESIAN_POINT('',(5.78949143867213,-159.847292822764,28.));
#4366=CARTESIAN_POINT('Origin',(9.78949143867213,-159.847292822764,28.));
#4367=CARTESIAN_POINT('',(7.33899143867214,-159.847292822764,28.));
#4368=CARTESIAN_POINT('Origin',(9.78949143867213,-159.847292822764,28.));
#4369=CARTESIAN_POINT('Origin',(9.78949143867213,-159.847292822764,30.5));
#4370=CARTESIAN_POINT('',(5.78949143867213,-159.847292822764,33.));
#4371=CARTESIAN_POINT('Origin',(9.78949143867213,-159.847292822764,33.));
#4372=CARTESIAN_POINT('',(5.78949143867213,-159.847292822764,30.5));
#4373=CARTESIAN_POINT('Origin',(9.78949143867213,-159.847292822764,33.));
#4374=CARTESIAN_POINT('Origin',(9.89457901526261,-79.8035675774367,30.5714591205962));
#4375=CARTESIAN_POINT('',(9.79957901526261,-79.8035675774367,30.6));
#4376=CARTESIAN_POINT('Origin',(9.89457901526261,-79.8035675774367,30.6));
#4377=CARTESIAN_POINT('',(9.89457901526261,-79.8035675774367,30.5429182411924));
#4378=CARTESIAN_POINT('',(9.84707901526262,-79.8035675774367,30.5714591205962));
#4379=CARTESIAN_POINT('Origin',(9.89457901526261,-79.8035675774367,31.8));
#4380=CARTESIAN_POINT('',(9.79957901526262,-79.8035675774367,31.8));
#4381=CARTESIAN_POINT('Origin',(54.7894914386721,-159.847292822764,28.));
#4382=CARTESIAN_POINT('',(50.7894914386721,-159.847292822764,28.));
#4383=CARTESIAN_POINT('Origin',(54.7894914386721,-159.847292822764,28.));
#4384=CARTESIAN_POINT('',(52.5854914386721,-159.847292822764,28.));
#4385=CARTESIAN_POINT('Origin',(54.7894914386721,-159.847292822764,28.));
#4386=CARTESIAN_POINT('Origin',(54.7894914386721,-159.847292822764,30.5));
#4387=CARTESIAN_POINT('',(50.7894914386721,-159.847292822764,33.));
#4388=CARTESIAN_POINT('Origin',(54.7894914386721,-159.847292822764,33.));
#4389=CARTESIAN_POINT('',(50.7894914386721,-159.847292822764,30.5));
#4390=CARTESIAN_POINT('Origin',(54.7894914386721,-159.847292822764,33.));
#4391=CARTESIAN_POINT('Origin',(9.78949143867213,-79.8472928227635,28.));
#4392=CARTESIAN_POINT('',(5.78949143867213,-79.8472928227635,28.));
#4393=CARTESIAN_POINT('Origin',(9.78949143867213,-79.8472928227635,28.));
#4394=CARTESIAN_POINT('',(7.58549143867214,-79.8472928227635,28.));
#4395=CARTESIAN_POINT('Origin',(9.78949143867213,-79.8472928227635,28.));
#4396=CARTESIAN_POINT('Origin',(9.78949143867213,-79.8472928227635,30.5));
#4397=CARTESIAN_POINT('',(5.78949143867213,-79.8472928227635,33.));
#4398=CARTESIAN_POINT('Origin',(9.78949143867213,-79.8472928227635,33.));
#4399=CARTESIAN_POINT('',(5.78949143867213,-79.8472928227635,30.5));
#4400=CARTESIAN_POINT('Origin',(9.78949143867213,-79.8472928227635,33.));
#4401=CARTESIAN_POINT('Origin',(54.7894914386721,-79.8472928227635,28.));
#4402=CARTESIAN_POINT('',(50.7894914386721,-79.8472928227635,28.));
#4403=CARTESIAN_POINT('Origin',(54.7894914386721,-79.8472928227635,28.));
#4404=CARTESIAN_POINT('',(52.5854914386721,-79.8472928227635,28.));
#4405=CARTESIAN_POINT('Origin',(54.7894914386721,-79.8472928227635,28.));
#4406=CARTESIAN_POINT('Origin',(54.7894914386721,-79.8472928227635,30.5));
#4407=CARTESIAN_POINT('',(50.7894914386721,-79.8472928227635,33.));
#4408=CARTESIAN_POINT('Origin',(54.7894914386721,-79.8472928227635,33.));
#4409=CARTESIAN_POINT('',(50.7894914386721,-79.8472928227635,30.5));
#4410=CARTESIAN_POINT('Origin',(54.7894914386721,-79.8472928227635,33.));
#4411=CARTESIAN_POINT('Origin',(54.7894914386721,-159.847292822764,16.5));
#4412=CARTESIAN_POINT('',(52.5854914386721,-159.847292822764,5.));
#4413=CARTESIAN_POINT('',(52.5854914386721,-159.847292822764,16.5));
#4414=CARTESIAN_POINT('Origin',(54.7894914386721,-159.847292822764,5.));
#4415=CARTESIAN_POINT('Origin',(9.78949143867213,-159.847292822764,16.5));
#4416=CARTESIAN_POINT('',(7.33899143867214,-159.847292822764,5.));
#4417=CARTESIAN_POINT('',(7.33899143867213,-159.847292822764,16.5));
#4418=CARTESIAN_POINT('Origin',(9.78949143867213,-159.847292822764,5.));
#4419=CARTESIAN_POINT('Origin',(9.78949143867213,-79.8472928227635,16.5));
#4420=CARTESIAN_POINT('',(7.58549143867214,-79.8472928227635,5.));
#4421=CARTESIAN_POINT('',(7.58549143867213,-79.8472928227635,16.5));
#4422=CARTESIAN_POINT('Origin',(9.78949143867213,-79.8472928227635,5.));
#4423=CARTESIAN_POINT('Origin',(54.7894914386721,-79.8472928227635,16.5));
#4424=CARTESIAN_POINT('',(52.5854914386721,-79.8472928227635,5.));
#4425=CARTESIAN_POINT('',(52.5854914386721,-79.8472928227635,16.5));
#4426=CARTESIAN_POINT('Origin',(54.7894914386721,-79.8472928227635,5.));
#4427=CARTESIAN_POINT('Origin',(-5.21050856132787,-69.8472928227635,0.));
#4428=CARTESIAN_POINT('',(-5.21050856132787,-169.847292822764,0.));
#4429=CARTESIAN_POINT('',(-5.21050856132787,-69.8472928227635,0.));
#4430=CARTESIAN_POINT('',(-5.21050856132787,-169.847292822764,0.));
#4431=CARTESIAN_POINT('',(-5.21050856132787,-169.847292822764,5.));
#4432=CARTESIAN_POINT('',(-5.21050856132787,-169.847292822764,0.));
#4433=CARTESIAN_POINT('',(-5.21050856132787,-69.8472928227635,5.));
#4434=CARTESIAN_POINT('',(-5.21050856132787,-169.847292822764,5.));
#4435=CARTESIAN_POINT('',(-5.21050856132787,-69.8472928227635,0.));
#4436=CARTESIAN_POINT('Origin',(69.7894914386721,-69.8472928227635,0.));
#4437=CARTESIAN_POINT('',(69.7894914386721,-69.8472928227635,0.));
#4438=CARTESIAN_POINT('',(-5.21050856132787,-69.8472928227635,0.));
#4439=CARTESIAN_POINT('',(69.7894914386721,-69.8472928227635,5.));
#4440=CARTESIAN_POINT('',(-5.21050856132787,-69.8472928227635,5.));
#4441=CARTESIAN_POINT('',(69.7894914386721,-69.8472928227635,0.));
#4442=CARTESIAN_POINT('Origin',(69.7894914386721,-169.847292822764,0.));
#4443=CARTESIAN_POINT('',(69.7894914386721,-169.847292822764,0.));
#4444=CARTESIAN_POINT('',(69.7894914386721,-69.8472928227635,0.));
#4445=CARTESIAN_POINT('',(69.7894914386721,-169.847292822764,5.));
#4446=CARTESIAN_POINT('',(69.7894914386721,-69.8472928227635,5.));
#4447=CARTESIAN_POINT('',(69.7894914386721,-169.847292822764,0.));
#4448=CARTESIAN_POINT('Origin',(-5.21050856132787,-169.847292822764,0.));
#4449=CARTESIAN_POINT('',(69.7894914386721,-169.847292822764,0.));
#4450=CARTESIAN_POINT('',(69.7894914386721,-169.847292822764,5.));
#4451=CARTESIAN_POINT('Origin',(32.2894914386721,-119.847292822764,5.));
#4452=CARTESIAN_POINT('Origin',(32.2894914386721,-119.847292822764,0.));
#4453=CARTESIAN_POINT('Origin',(140.264360788429,-216.337188955245,42.751506986205));
#4454=CARTESIAN_POINT('',(140.264360788429,-216.337188955245,43.751506986205));
#4455=CARTESIAN_POINT('',(140.264360788429,-281.618273302004,43.751506986205));
#4456=CARTESIAN_POINT('',(140.264360788429,-235.002472891932,43.751506986205));
#4457=CARTESIAN_POINT('',(140.264360788429,-216.337188955245,39.751506986205));
#4458=CARTESIAN_POINT('',(140.264360788429,-216.337188955245,42.751506986205));
#4459=CARTESIAN_POINT('',(140.264360788429,-281.618273302004,39.751506986205));
#4460=CARTESIAN_POINT('',(140.264360788429,-235.002472891932,39.751506986205));
#4461=CARTESIAN_POINT('',(140.264360788429,-281.618273302004,42.751506986205));
#4462=CARTESIAN_POINT('Origin',(131.120756140512,-216.337188955245,42.751506986205));
#4463=CARTESIAN_POINT('',(131.120756140512,-216.337188955245,43.751506986205));
#4464=CARTESIAN_POINT('',(145.086311847997,-216.337188955245,43.751506986205));
#4465=CARTESIAN_POINT('',(131.120756140512,-216.337188955245,39.751506986205));
#4466=CARTESIAN_POINT('',(131.120756140512,-216.337188955245,42.751506986205));
#4467=CARTESIAN_POINT('',(145.086311847997,-216.337188955245,39.751506986205));
#4468=CARTESIAN_POINT('Origin',(131.120756140512,-281.618273302004,42.751506986205));
#4469=CARTESIAN_POINT('',(131.120756140512,-281.618273302004,43.751506986205));
#4470=CARTESIAN_POINT('',(131.120756140512,-267.643015065312,43.751506986205));
#4471=CARTESIAN_POINT('',(131.120756140512,-281.618273302004,39.751506986205));
#4472=CARTESIAN_POINT('',(131.120756140512,-281.618273302004,42.751506986205));
#4473=CARTESIAN_POINT('',(131.120756140512,-267.643015065312,39.751506986205));
#4474=CARTESIAN_POINT('Origin',(140.264360788429,-281.618273302004,42.751506986205));
#4475=CARTESIAN_POINT('',(149.658114171956,-281.618273302004,43.751506986205));
#4476=CARTESIAN_POINT('',(149.658114171956,-281.618273302004,39.751506986205));
#4477=CARTESIAN_POINT('Origin',(171.551867555482,-223.593239536517,42.751506986205));
#4478=CARTESIAN_POINT('',(171.551867555482,-213.593239536517,39.751506986205));
#4479=CARTESIAN_POINT('',(171.551867555482,-223.593239536517,39.751506986205));
#4480=CARTESIAN_POINT('',(171.551867555482,-238.630498182568,39.751506986205));
#4481=CARTESIAN_POINT('',(171.551867555482,-213.593239536517,43.751506986205));
#4482=CARTESIAN_POINT('',(171.551867555482,-213.593239536517,42.751506986205));
#4483=CARTESIAN_POINT('',(171.551867555482,-223.593239536517,43.751506986205));
#4484=CARTESIAN_POINT('',(171.551867555482,-238.630498182568,43.751506986205));
#4485=CARTESIAN_POINT('',(171.551867555482,-223.593239536517,42.751506986205));
#4486=CARTESIAN_POINT('Origin',(181.551867555482,-223.593239536517,42.751506986205));
#4487=CARTESIAN_POINT('',(181.551867555482,-223.593239536517,39.751506986205));
#4488=CARTESIAN_POINT('',(170.301867555482,-223.593239536517,39.751506986205));
#4489=CARTESIAN_POINT('',(181.551867555482,-223.593239536517,43.751506986205));
#4490=CARTESIAN_POINT('',(170.301867555482,-223.593239536517,43.751506986205));
#4491=CARTESIAN_POINT('',(181.551867555482,-223.593239536517,42.751506986205));
#4492=CARTESIAN_POINT('Origin',(181.551867555482,-213.593239536517,42.751506986205));
#4493=CARTESIAN_POINT('',(181.551867555482,-213.593239536517,39.751506986205));
#4494=CARTESIAN_POINT('',(181.551867555482,-233.630498182568,39.751506986205));
#4495=CARTESIAN_POINT('',(181.551867555482,-213.593239536517,43.751506986205));
#4496=CARTESIAN_POINT('',(181.551867555482,-233.630498182568,43.751506986205));
#4497=CARTESIAN_POINT('',(181.551867555482,-213.593239536517,42.751506986205));
#4498=CARTESIAN_POINT('Origin',(171.551867555482,-213.593239536517,42.751506986205));
#4499=CARTESIAN_POINT('',(165.301867555482,-213.593239536517,39.751506986205));
#4500=CARTESIAN_POINT('',(165.301867555482,-213.593239536517,43.751506986205));
#4501=CARTESIAN_POINT('Origin',(159.238547585771,-284.138376168962,42.751506986205));
#4502=CARTESIAN_POINT('',(159.238547585771,-273.593239536517,39.751506986205));
#4503=CARTESIAN_POINT('',(159.238547585771,-284.138376168962,39.751506986205));
#4504=CARTESIAN_POINT('',(159.238547585771,-268.903066498791,39.751506986205));
#4505=CARTESIAN_POINT('',(159.238547585771,-273.593239536517,43.751506986205));
#4506=CARTESIAN_POINT('',(159.238547585771,-273.593239536517,42.751506986205));
#4507=CARTESIAN_POINT('',(159.238547585771,-284.138376168962,43.751506986205));
#4508=CARTESIAN_POINT('',(159.238547585771,-268.903066498791,43.751506986205));
#4509=CARTESIAN_POINT('',(159.238547585771,-284.138376168962,42.751506986205));
#4510=CARTESIAN_POINT('Origin',(169.238547585771,-284.138376168962,42.751506986205));
#4511=CARTESIAN_POINT('',(169.238547585771,-284.138376168962,39.751506986205));
#4512=CARTESIAN_POINT('',(164.145207570626,-284.138376168962,39.751506986205));
#4513=CARTESIAN_POINT('',(169.238547585771,-284.138376168962,43.751506986205));
#4514=CARTESIAN_POINT('',(164.145207570626,-284.138376168962,43.751506986205));
#4515=CARTESIAN_POINT('',(169.238547585771,-284.138376168962,42.751506986205));
#4516=CARTESIAN_POINT('Origin',(169.238547585771,-273.593239536517,42.751506986205));
#4517=CARTESIAN_POINT('',(169.238547585771,-273.593239536517,39.751506986205));
#4518=CARTESIAN_POINT('',(169.238547585771,-263.630498182568,39.751506986205));
#4519=CARTESIAN_POINT('',(169.238547585771,-273.593239536517,43.751506986205));
#4520=CARTESIAN_POINT('',(169.238547585771,-263.630498182568,43.751506986205));
#4521=CARTESIAN_POINT('',(169.238547585771,-273.593239536517,42.751506986205));
#4522=CARTESIAN_POINT('Origin',(159.238547585771,-273.593239536517,42.751506986205));
#4523=CARTESIAN_POINT('',(159.145207570626,-273.593239536517,39.751506986205));
#4524=CARTESIAN_POINT('',(159.145207570626,-273.593239536517,43.751506986205));
#4525=CARTESIAN_POINT('Origin',(183.914349986555,-268.593239536517,42.751506986205));
#4526=CARTESIAN_POINT('',(183.914349986555,-258.593239536517,39.751506986205));
#4527=CARTESIAN_POINT('',(183.914349986555,-268.593239536517,39.751506986205));
#4528=CARTESIAN_POINT('',(183.914349986555,-261.130498182568,39.751506986205));
#4529=CARTESIAN_POINT('',(183.914349986555,-258.593239536517,43.751506986205));
#4530=CARTESIAN_POINT('',(183.914349986555,-258.593239536517,42.751506986205));
#4531=CARTESIAN_POINT('',(183.914349986555,-268.593239536517,43.751506986205));
#4532=CARTESIAN_POINT('',(183.914349986555,-261.130498182568,43.751506986205));
#4533=CARTESIAN_POINT('',(183.914349986555,-268.593239536517,42.751506986205));
#4534=CARTESIAN_POINT('Origin',(194.457647375981,-268.593239536517,42.751506986205));
#4535=CARTESIAN_POINT('',(194.457647375981,-268.593239536517,39.751506986205));
#4536=CARTESIAN_POINT('',(176.754757465732,-268.593239536517,39.751506986205));
#4537=CARTESIAN_POINT('',(194.457647375981,-268.593239536517,43.751506986205));
#4538=CARTESIAN_POINT('',(176.754757465732,-268.593239536517,43.751506986205));
#4539=CARTESIAN_POINT('',(194.457647375981,-268.593239536517,42.751506986205));
#4540=CARTESIAN_POINT('Origin',(194.457647375981,-258.593239536517,42.751506986205));
#4541=CARTESIAN_POINT('',(194.457647375981,-258.593239536517,39.751506986205));
#4542=CARTESIAN_POINT('',(194.457647375981,-256.130498182568,39.751506986205));
#4543=CARTESIAN_POINT('',(194.457647375981,-258.593239536517,43.751506986205));
#4544=CARTESIAN_POINT('',(194.457647375981,-256.130498182568,43.751506986205));
#4545=CARTESIAN_POINT('',(194.457647375981,-258.593239536517,42.751506986205));
#4546=CARTESIAN_POINT('Origin',(183.914349986555,-258.593239536517,42.751506986205));
#4547=CARTESIAN_POINT('',(171.483108771019,-258.593239536517,39.751506986205));
#4548=CARTESIAN_POINT('',(171.483108771019,-258.593239536517,43.751506986205));
#4549=CARTESIAN_POINT('Origin',(146.551867555482,-223.593239536517,42.751506986205));
#4550=CARTESIAN_POINT('',(146.551867555482,-213.593239536517,39.751506986205));
#4551=CARTESIAN_POINT('',(146.551867555482,-223.593239536517,39.751506986205));
#4552=CARTESIAN_POINT('',(146.551867555482,-238.630498182568,39.751506986205));
#4553=CARTESIAN_POINT('',(146.551867555482,-213.593239536517,43.751506986205));
#4554=CARTESIAN_POINT('',(146.551867555482,-213.593239536517,42.751506986205));
#4555=CARTESIAN_POINT('',(146.551867555482,-223.593239536517,43.751506986205));
#4556=CARTESIAN_POINT('',(146.551867555482,-238.630498182568,43.751506986205));
#4557=CARTESIAN_POINT('',(146.551867555482,-223.593239536517,42.751506986205));
#4558=CARTESIAN_POINT('Origin',(156.551867555482,-223.593239536517,42.751506986205));
#4559=CARTESIAN_POINT('',(156.551867555482,-223.593239536517,39.751506986205));
#4560=CARTESIAN_POINT('',(157.801867555482,-223.593239536517,39.751506986205));
#4561=CARTESIAN_POINT('',(156.551867555482,-223.593239536517,43.751506986205));
#4562=CARTESIAN_POINT('',(157.801867555482,-223.593239536517,43.751506986205));
#4563=CARTESIAN_POINT('',(156.551867555482,-223.593239536517,42.751506986205));
#4564=CARTESIAN_POINT('Origin',(156.551867555482,-213.593239536517,42.751506986205));
#4565=CARTESIAN_POINT('',(156.551867555482,-213.593239536517,39.751506986205));
#4566=CARTESIAN_POINT('',(156.551867555482,-233.630498182568,39.751506986205));
#4567=CARTESIAN_POINT('',(156.551867555482,-213.593239536517,43.751506986205));
#4568=CARTESIAN_POINT('',(156.551867555482,-233.630498182568,43.751506986205));
#4569=CARTESIAN_POINT('',(156.551867555482,-213.593239536517,42.751506986205));
#4570=CARTESIAN_POINT('Origin',(146.551867555482,-213.593239536517,42.751506986205));
#4571=CARTESIAN_POINT('',(152.801867555482,-213.593239536517,39.751506986205));
#4572=CARTESIAN_POINT('',(152.801867555482,-213.593239536517,43.751506986205));
#4573=CARTESIAN_POINT('Origin',(159.687198538512,-253.593239536517,42.751506986205));
#4574=CARTESIAN_POINT('',(159.687198538512,-243.593239536517,39.751506986205));
#4575=CARTESIAN_POINT('',(159.687198538512,-253.593239536517,39.751506986205));
#4576=CARTESIAN_POINT('',(159.687198538512,-253.630498182568,39.751506986205));
#4577=CARTESIAN_POINT('',(159.687198538512,-243.593239536517,43.751506986205));
#4578=CARTESIAN_POINT('',(159.687198538512,-243.593239536517,42.751506986205));
#4579=CARTESIAN_POINT('',(159.687198538512,-253.593239536517,43.751506986205));
#4580=CARTESIAN_POINT('',(159.687198538512,-253.630498182568,43.751506986205));
#4581=CARTESIAN_POINT('',(159.687198538512,-253.593239536517,42.751506986205));
#4582=CARTESIAN_POINT('Origin',(169.781844975197,-253.593239536517,42.751506986205));
#4583=CARTESIAN_POINT('',(169.781844975197,-253.593239536517,39.751506986205));
#4584=CARTESIAN_POINT('',(164.416856265339,-253.593239536517,39.751506986205));
#4585=CARTESIAN_POINT('',(169.781844975197,-253.593239536517,43.751506986205));
#4586=CARTESIAN_POINT('',(164.416856265339,-253.593239536517,43.751506986205));
#4587=CARTESIAN_POINT('',(169.781844975197,-253.593239536517,42.751506986205));
#4588=CARTESIAN_POINT('Origin',(169.781844975197,-243.593239536517,42.751506986205));
#4589=CARTESIAN_POINT('',(169.781844975197,-243.593239536517,39.751506986205));
#4590=CARTESIAN_POINT('',(169.781844975197,-248.630498182568,39.751506986205));
#4591=CARTESIAN_POINT('',(169.781844975197,-243.593239536517,43.751506986205));
#4592=CARTESIAN_POINT('',(169.781844975197,-248.630498182568,43.751506986205));
#4593=CARTESIAN_POINT('',(169.781844975197,-243.593239536517,42.751506986205));
#4594=CARTESIAN_POINT('Origin',(159.687198538512,-243.593239536517,42.751506986205));
#4595=CARTESIAN_POINT('',(159.369533046997,-243.593239536517,39.751506986205));
#4596=CARTESIAN_POINT('',(159.369533046997,-243.593239536517,43.751506986205));
#4597=CARTESIAN_POINT('Origin',(184.138675462926,-253.593239536517,42.751506986205));
#4598=CARTESIAN_POINT('',(184.138675462926,-243.593239536517,39.751506986205));
#4599=CARTESIAN_POINT('',(184.138675462926,-253.593239536517,39.751506986205));
#4600=CARTESIAN_POINT('',(184.138675462926,-253.630498182568,39.751506986205));
#4601=CARTESIAN_POINT('',(184.138675462926,-243.593239536517,43.751506986205));
#4602=CARTESIAN_POINT('',(184.138675462926,-243.593239536517,42.751506986205));
#4603=CARTESIAN_POINT('',(184.138675462926,-253.593239536517,43.751506986205));
#4604=CARTESIAN_POINT('',(184.138675462926,-253.630498182568,43.751506986205));
#4605=CARTESIAN_POINT('',(184.138675462926,-253.593239536517,42.751506986205));
#4606=CARTESIAN_POINT('Origin',(194.457647375981,-253.593239536517,42.751506986205));
#4607=CARTESIAN_POINT('',(194.457647375981,-253.593239536517,39.751506986205));
#4608=CARTESIAN_POINT('',(176.754757465732,-253.593239536517,39.751506986205));
#4609=CARTESIAN_POINT('',(194.457647375981,-253.593239536517,43.751506986205));
#4610=CARTESIAN_POINT('',(176.754757465732,-253.593239536517,43.751506986205));
#4611=CARTESIAN_POINT('',(194.457647375981,-253.593239536517,42.751506986205));
#4612=CARTESIAN_POINT('Origin',(194.457647375981,-243.593239536517,42.751506986205));
#4613=CARTESIAN_POINT('',(194.457647375981,-243.593239536517,39.751506986205));
#4614=CARTESIAN_POINT('',(194.457647375981,-248.630498182568,39.751506986205));
#4615=CARTESIAN_POINT('',(194.457647375981,-243.593239536517,43.751506986205));
#4616=CARTESIAN_POINT('',(194.457647375981,-248.630498182568,43.751506986205));
#4617=CARTESIAN_POINT('',(194.457647375981,-243.593239536517,42.751506986205));
#4618=CARTESIAN_POINT('Origin',(184.138675462926,-243.593239536517,42.751506986205));
#4619=CARTESIAN_POINT('',(171.595271509204,-243.593239536517,39.751506986205));
#4620=CARTESIAN_POINT('',(171.595271509204,-243.593239536517,43.751506986205));
#4621=CARTESIAN_POINT('Origin',(171.551867555482,-268.593239536517,42.751506986205));
#4622=CARTESIAN_POINT('',(171.551867555482,-258.593239536517,39.751506986205));
#4623=CARTESIAN_POINT('',(171.551867555482,-268.593239536517,39.751506986205));
#4624=CARTESIAN_POINT('',(171.551867555482,-261.130498182568,39.751506986205));
#4625=CARTESIAN_POINT('',(171.551867555482,-258.593239536517,43.751506986205));
#4626=CARTESIAN_POINT('',(171.551867555482,-258.593239536517,42.751506986205));
#4627=CARTESIAN_POINT('',(171.551867555482,-268.593239536517,43.751506986205));
#4628=CARTESIAN_POINT('',(171.551867555482,-261.130498182568,43.751506986205));
#4629=CARTESIAN_POINT('',(171.551867555482,-268.593239536517,42.751506986205));
#4630=CARTESIAN_POINT('Origin',(181.551867555482,-268.593239536517,42.751506986205));
#4631=CARTESIAN_POINT('',(181.551867555482,-268.593239536517,39.751506986205));
#4632=CARTESIAN_POINT('',(170.301867555482,-268.593239536517,39.751506986205));
#4633=CARTESIAN_POINT('',(181.551867555482,-268.593239536517,43.751506986205));
#4634=CARTESIAN_POINT('',(170.301867555482,-268.593239536517,43.751506986205));
#4635=CARTESIAN_POINT('',(181.551867555482,-268.593239536517,42.751506986205));
#4636=CARTESIAN_POINT('Origin',(181.551867555482,-258.593239536517,42.751506986205));
#4637=CARTESIAN_POINT('',(181.551867555482,-258.593239536517,39.751506986205));
#4638=CARTESIAN_POINT('',(181.551867555482,-256.130498182568,39.751506986205));
#4639=CARTESIAN_POINT('',(181.551867555482,-258.593239536517,43.751506986205));
#4640=CARTESIAN_POINT('',(181.551867555482,-256.130498182568,43.751506986205));
#4641=CARTESIAN_POINT('',(181.551867555482,-258.593239536517,42.751506986205));
#4642=CARTESIAN_POINT('Origin',(171.551867555482,-258.593239536517,42.751506986205));
#4643=CARTESIAN_POINT('',(165.301867555482,-258.593239536517,39.751506986205));
#4644=CARTESIAN_POINT('',(165.301867555482,-258.593239536517,43.751506986205));
#4645=CARTESIAN_POINT('Origin',(159.238547585771,-238.593239536517,42.751506986205));
#4646=CARTESIAN_POINT('',(159.238547585771,-228.593239536517,39.751506986205));
#4647=CARTESIAN_POINT('',(159.238547585771,-238.593239536517,39.751506986205));
#4648=CARTESIAN_POINT('',(159.238547585771,-246.130498182568,39.751506986205));
#4649=CARTESIAN_POINT('',(159.238547585771,-228.593239536517,43.751506986205));
#4650=CARTESIAN_POINT('',(159.238547585771,-228.593239536517,42.751506986205));
#4651=CARTESIAN_POINT('',(159.238547585771,-238.593239536517,43.751506986205));
#4652=CARTESIAN_POINT('',(159.238547585771,-246.130498182568,43.751506986205));
#4653=CARTESIAN_POINT('',(159.238547585771,-238.593239536517,42.751506986205));
#4654=CARTESIAN_POINT('Origin',(169.781844975197,-238.593239536517,42.751506986205));
#4655=CARTESIAN_POINT('',(169.781844975197,-238.593239536517,39.751506986205));
#4656=CARTESIAN_POINT('',(164.416856265339,-238.593239536517,39.751506986205));
#4657=CARTESIAN_POINT('',(169.781844975197,-238.593239536517,43.751506986205));
#4658=CARTESIAN_POINT('',(164.416856265339,-238.593239536517,43.751506986205));
#4659=CARTESIAN_POINT('',(169.781844975197,-238.593239536517,42.751506986205));
#4660=CARTESIAN_POINT('Origin',(169.781844975197,-228.593239536517,42.751506986205));
#4661=CARTESIAN_POINT('',(169.781844975197,-228.593239536517,39.751506986205));
#4662=CARTESIAN_POINT('',(169.781844975197,-241.130498182568,39.751506986205));
#4663=CARTESIAN_POINT('',(169.781844975197,-228.593239536517,43.751506986205));
#4664=CARTESIAN_POINT('',(169.781844975197,-241.130498182568,43.751506986205));
#4665=CARTESIAN_POINT('',(169.781844975197,-228.593239536517,42.751506986205));
#4666=CARTESIAN_POINT('Origin',(159.238547585771,-228.593239536517,42.751506986205));
#4667=CARTESIAN_POINT('',(159.145207570626,-228.593239536517,39.751506986205));
#4668=CARTESIAN_POINT('',(159.145207570626,-228.593239536517,43.751506986205));
#4669=CARTESIAN_POINT('Origin',(184.138675462926,-284.138376168962,42.751506986205));
#4670=CARTESIAN_POINT('',(184.138675462926,-273.593239536517,39.751506986205));
#4671=CARTESIAN_POINT('',(184.138675462926,-284.138376168962,39.751506986205));
#4672=CARTESIAN_POINT('',(184.138675462926,-268.903066498791,39.751506986205));
#4673=CARTESIAN_POINT('',(184.138675462926,-273.593239536517,43.751506986205));
#4674=CARTESIAN_POINT('',(184.138675462926,-273.593239536517,42.751506986205));
#4675=CARTESIAN_POINT('',(184.138675462926,-284.138376168962,43.751506986205));
#4676=CARTESIAN_POINT('',(184.138675462926,-268.903066498791,43.751506986205));
#4677=CARTESIAN_POINT('',(184.138675462926,-284.138376168962,42.751506986205));
#4678=CARTESIAN_POINT('Origin',(194.457647375981,-284.138376168962,42.751506986205));
#4679=CARTESIAN_POINT('',(194.457647375981,-284.138376168962,39.751506986205));
#4680=CARTESIAN_POINT('',(176.754757465732,-284.138376168962,39.751506986205));
#4681=CARTESIAN_POINT('',(194.457647375981,-284.138376168962,43.751506986205));
#4682=CARTESIAN_POINT('',(176.754757465732,-284.138376168962,43.751506986205));
#4683=CARTESIAN_POINT('',(194.457647375981,-284.138376168962,42.751506986205));
#4684=CARTESIAN_POINT('Origin',(194.457647375981,-273.593239536517,42.751506986205));
#4685=CARTESIAN_POINT('',(194.457647375981,-273.593239536517,39.751506986205));
#4686=CARTESIAN_POINT('',(194.457647375981,-263.630498182568,39.751506986205));
#4687=CARTESIAN_POINT('',(194.457647375981,-273.593239536517,43.751506986205));
#4688=CARTESIAN_POINT('',(194.457647375981,-263.630498182568,43.751506986205));
#4689=CARTESIAN_POINT('',(194.457647375981,-273.593239536517,42.751506986205));
#4690=CARTESIAN_POINT('Origin',(184.138675462926,-273.593239536517,42.751506986205));
#4691=CARTESIAN_POINT('',(171.595271509204,-273.593239536517,39.751506986205));
#4692=CARTESIAN_POINT('',(171.595271509204,-273.593239536517,43.751506986205));
#4693=CARTESIAN_POINT('Origin',(183.914349986555,-223.593239536517,42.751506986205));
#4694=CARTESIAN_POINT('',(183.914349986555,-213.593239536517,39.751506986205));
#4695=CARTESIAN_POINT('',(183.914349986555,-223.593239536517,39.751506986205));
#4696=CARTESIAN_POINT('',(183.914349986555,-238.630498182568,39.751506986205));
#4697=CARTESIAN_POINT('',(183.914349986555,-213.593239536517,43.751506986205));
#4698=CARTESIAN_POINT('',(183.914349986555,-213.593239536517,42.751506986205));
#4699=CARTESIAN_POINT('',(183.914349986555,-223.593239536517,43.751506986205));
#4700=CARTESIAN_POINT('',(183.914349986555,-238.630498182568,43.751506986205));
#4701=CARTESIAN_POINT('',(183.914349986555,-223.593239536517,42.751506986205));
#4702=CARTESIAN_POINT('Origin',(194.23332189961,-223.593239536517,42.751506986205));
#4703=CARTESIAN_POINT('',(194.23332189961,-223.593239536517,39.751506986205));
#4704=CARTESIAN_POINT('',(176.642594727546,-223.593239536517,39.751506986205));
#4705=CARTESIAN_POINT('',(194.23332189961,-223.593239536517,43.751506986205));
#4706=CARTESIAN_POINT('',(176.642594727546,-223.593239536517,43.751506986205));
#4707=CARTESIAN_POINT('',(194.23332189961,-223.593239536517,42.751506986205));
#4708=CARTESIAN_POINT('Origin',(194.23332189961,-213.593239536517,42.751506986205));
#4709=CARTESIAN_POINT('',(194.23332189961,-213.593239536517,39.751506986205));
#4710=CARTESIAN_POINT('',(194.23332189961,-233.630498182568,39.751506986205));
#4711=CARTESIAN_POINT('',(194.23332189961,-213.593239536517,43.751506986205));
#4712=CARTESIAN_POINT('',(194.23332189961,-233.630498182568,43.751506986205));
#4713=CARTESIAN_POINT('',(194.23332189961,-213.593239536517,42.751506986205));
#4714=CARTESIAN_POINT('Origin',(183.914349986555,-213.593239536517,42.751506986205));
#4715=CARTESIAN_POINT('',(171.483108771019,-213.593239536517,39.751506986205));
#4716=CARTESIAN_POINT('',(171.483108771019,-213.593239536517,43.751506986205));
#4717=CARTESIAN_POINT('Origin',(146.551867555482,-238.593239536517,42.751506986205));
#4718=CARTESIAN_POINT('',(146.551867555482,-228.593239536517,39.751506986205));
#4719=CARTESIAN_POINT('',(146.551867555482,-238.593239536517,39.751506986205));
#4720=CARTESIAN_POINT('',(146.551867555482,-246.130498182568,39.751506986205));
#4721=CARTESIAN_POINT('',(146.551867555482,-228.593239536517,43.751506986205));
#4722=CARTESIAN_POINT('',(146.551867555482,-228.593239536517,42.751506986205));
#4723=CARTESIAN_POINT('',(146.551867555482,-238.593239536517,43.751506986205));
#4724=CARTESIAN_POINT('',(146.551867555482,-246.130498182568,43.751506986205));
#4725=CARTESIAN_POINT('',(146.551867555482,-238.593239536517,42.751506986205));
#4726=CARTESIAN_POINT('Origin',(156.551867555482,-238.593239536517,42.751506986205));
#4727=CARTESIAN_POINT('',(156.551867555482,-238.593239536517,39.751506986205));
#4728=CARTESIAN_POINT('',(157.801867555482,-238.593239536517,39.751506986205));
#4729=CARTESIAN_POINT('',(156.551867555482,-238.593239536517,43.751506986205));
#4730=CARTESIAN_POINT('',(157.801867555482,-238.593239536517,43.751506986205));
#4731=CARTESIAN_POINT('',(156.551867555482,-238.593239536517,42.751506986205));
#4732=CARTESIAN_POINT('Origin',(156.551867555482,-228.593239536517,42.751506986205));
#4733=CARTESIAN_POINT('',(156.551867555482,-228.593239536517,39.751506986205));
#4734=CARTESIAN_POINT('',(156.551867555482,-241.130498182568,39.751506986205));
#4735=CARTESIAN_POINT('',(156.551867555482,-228.593239536517,43.751506986205));
#4736=CARTESIAN_POINT('',(156.551867555482,-241.130498182568,43.751506986205));
#4737=CARTESIAN_POINT('',(156.551867555482,-228.593239536517,42.751506986205));
#4738=CARTESIAN_POINT('Origin',(146.551867555482,-228.593239536517,42.751506986205));
#4739=CARTESIAN_POINT('',(152.801867555482,-228.593239536517,39.751506986205));
#4740=CARTESIAN_POINT('',(152.801867555482,-228.593239536517,43.751506986205));
#4741=CARTESIAN_POINT('Origin',(146.551867555482,-283.593239536517,42.751506986205));
#4742=CARTESIAN_POINT('',(146.551867555482,-273.593239536517,39.751506986205));
#4743=CARTESIAN_POINT('',(146.551867555482,-283.593239536517,39.751506986205));
#4744=CARTESIAN_POINT('',(146.551867555482,-268.630498182568,39.751506986205));
#4745=CARTESIAN_POINT('',(146.551867555482,-273.593239536517,43.751506986205));
#4746=CARTESIAN_POINT('',(146.551867555482,-273.593239536517,42.751506986205));
#4747=CARTESIAN_POINT('',(146.551867555482,-283.593239536517,43.751506986205));
#4748=CARTESIAN_POINT('',(146.551867555482,-268.630498182568,43.751506986205));
#4749=CARTESIAN_POINT('',(146.551867555482,-283.593239536517,42.751506986205));
#4750=CARTESIAN_POINT('Origin',(156.551867555482,-283.593239536517,42.751506986205));
#4751=CARTESIAN_POINT('',(156.551867555482,-283.593239536517,39.751506986205));
#4752=CARTESIAN_POINT('',(157.801867555482,-283.593239536517,39.751506986205));
#4753=CARTESIAN_POINT('',(156.551867555482,-283.593239536517,43.751506986205));
#4754=CARTESIAN_POINT('',(157.801867555482,-283.593239536517,43.751506986205));
#4755=CARTESIAN_POINT('',(156.551867555482,-283.593239536517,42.751506986205));
#4756=CARTESIAN_POINT('Origin',(156.551867555482,-273.593239536517,42.751506986205));
#4757=CARTESIAN_POINT('',(156.551867555482,-273.593239536517,39.751506986205));
#4758=CARTESIAN_POINT('',(156.551867555482,-263.630498182568,39.751506986205));
#4759=CARTESIAN_POINT('',(156.551867555482,-273.593239536517,43.751506986205));
#4760=CARTESIAN_POINT('',(156.551867555482,-263.630498182568,43.751506986205));
#4761=CARTESIAN_POINT('',(156.551867555482,-273.593239536517,42.751506986205));
#4762=CARTESIAN_POINT('Origin',(146.551867555482,-273.593239536517,42.751506986205));
#4763=CARTESIAN_POINT('',(152.801867555482,-273.593239536517,39.751506986205));
#4764=CARTESIAN_POINT('',(152.801867555482,-273.593239536517,43.751506986205));
#4765=CARTESIAN_POINT('Origin',(159.687198538512,-268.593239536517,42.751506986205));
#4766=CARTESIAN_POINT('',(159.687198538512,-258.593239536517,39.751506986205));
#4767=CARTESIAN_POINT('',(159.687198538512,-268.593239536517,39.751506986205));
#4768=CARTESIAN_POINT('',(159.687198538512,-261.130498182568,39.751506986205));
#4769=CARTESIAN_POINT('',(159.687198538512,-258.593239536517,43.751506986205));
#4770=CARTESIAN_POINT('',(159.687198538512,-258.593239536517,42.751506986205));
#4771=CARTESIAN_POINT('',(159.687198538512,-268.593239536517,43.751506986205));
#4772=CARTESIAN_POINT('',(159.687198538512,-261.130498182568,43.751506986205));
#4773=CARTESIAN_POINT('',(159.687198538512,-268.593239536517,42.751506986205));
#4774=CARTESIAN_POINT('Origin',(169.781844975197,-268.593239536517,42.751506986205));
#4775=CARTESIAN_POINT('',(169.781844975197,-268.593239536517,39.751506986205));
#4776=CARTESIAN_POINT('',(164.416856265339,-268.593239536517,39.751506986205));
#4777=CARTESIAN_POINT('',(169.781844975197,-268.593239536517,43.751506986205));
#4778=CARTESIAN_POINT('',(164.416856265339,-268.593239536517,43.751506986205));
#4779=CARTESIAN_POINT('',(169.781844975197,-268.593239536517,42.751506986205));
#4780=CARTESIAN_POINT('Origin',(169.781844975197,-258.593239536517,42.751506986205));
#4781=CARTESIAN_POINT('',(169.781844975197,-258.593239536517,39.751506986205));
#4782=CARTESIAN_POINT('',(169.781844975197,-256.130498182568,39.751506986205));
#4783=CARTESIAN_POINT('',(169.781844975197,-258.593239536517,43.751506986205));
#4784=CARTESIAN_POINT('',(169.781844975197,-256.130498182568,43.751506986205));
#4785=CARTESIAN_POINT('',(169.781844975197,-258.593239536517,42.751506986205));
#4786=CARTESIAN_POINT('Origin',(159.687198538512,-258.593239536517,42.751506986205));
#4787=CARTESIAN_POINT('',(159.369533046997,-258.593239536517,39.751506986205));
#4788=CARTESIAN_POINT('',(159.369533046997,-258.593239536517,43.751506986205));
#4789=CARTESIAN_POINT('Origin',(184.363000939297,-237.927328036584,42.751506986205));
#4790=CARTESIAN_POINT('',(184.363000939297,-228.593239536517,39.751506986205));
#4791=CARTESIAN_POINT('',(184.363000939297,-237.927328036584,39.751506986205));
#4792=CARTESIAN_POINT('',(184.363000939297,-245.797542432602,39.751506986205));
#4793=CARTESIAN_POINT('',(184.363000939297,-228.593239536517,43.751506986205));
#4794=CARTESIAN_POINT('',(184.363000939297,-228.593239536517,42.751506986205));
#4795=CARTESIAN_POINT('',(184.363000939297,-237.927328036584,43.751506986205));
#4796=CARTESIAN_POINT('',(184.363000939297,-245.797542432602,43.751506986205));
#4797=CARTESIAN_POINT('',(184.363000939297,-237.927328036584,42.751506986205));
#4798=CARTESIAN_POINT('Origin',(194.23332189961,-237.927328036584,42.751506986205));
#4799=CARTESIAN_POINT('',(194.23332189961,-237.927328036584,39.751506986205));
#4800=CARTESIAN_POINT('',(176.642594727546,-237.927328036584,39.751506986205));
#4801=CARTESIAN_POINT('',(194.23332189961,-237.927328036584,43.751506986205));
#4802=CARTESIAN_POINT('',(176.642594727546,-237.927328036584,43.751506986205));
#4803=CARTESIAN_POINT('',(194.23332189961,-237.927328036584,42.751506986205));
#4804=CARTESIAN_POINT('Origin',(194.23332189961,-228.593239536517,42.751506986205));
#4805=CARTESIAN_POINT('',(194.23332189961,-228.593239536517,39.751506986205));
#4806=CARTESIAN_POINT('',(194.23332189961,-241.130498182568,39.751506986205));
#4807=CARTESIAN_POINT('',(194.23332189961,-228.593239536517,43.751506986205));
#4808=CARTESIAN_POINT('',(194.23332189961,-241.130498182568,43.751506986205));
#4809=CARTESIAN_POINT('',(194.23332189961,-228.593239536517,42.751506986205));
#4810=CARTESIAN_POINT('Origin',(184.363000939297,-228.593239536517,42.751506986205));
#4811=CARTESIAN_POINT('',(171.707434247389,-228.593239536517,39.751506986205));
#4812=CARTESIAN_POINT('',(171.707434247389,-228.593239536517,43.751506986205));
#4813=CARTESIAN_POINT('Origin',(171.551867555482,-284.138376168962,42.751506986205));
#4814=CARTESIAN_POINT('',(171.551867555482,-273.593239536517,39.751506986205));
#4815=CARTESIAN_POINT('',(171.551867555482,-284.138376168962,39.751506986205));
#4816=CARTESIAN_POINT('',(171.551867555482,-268.903066498791,39.751506986205));
#4817=CARTESIAN_POINT('',(171.551867555482,-273.593239536517,43.751506986205));
#4818=CARTESIAN_POINT('',(171.551867555482,-273.593239536517,42.751506986205));
#4819=CARTESIAN_POINT('',(171.551867555482,-284.138376168962,43.751506986205));
#4820=CARTESIAN_POINT('',(171.551867555482,-268.903066498791,43.751506986205));
#4821=CARTESIAN_POINT('',(171.551867555482,-284.138376168962,42.751506986205));
#4822=CARTESIAN_POINT('Origin',(181.671095222847,-284.138376168962,42.751506986205));
#4823=CARTESIAN_POINT('',(181.671095222847,-284.138376168962,39.751506986205));
#4824=CARTESIAN_POINT('',(170.361481389165,-284.138376168962,39.751506986205));
#4825=CARTESIAN_POINT('',(181.671095222847,-284.138376168962,43.751506986205));
#4826=CARTESIAN_POINT('',(170.361481389165,-284.138376168962,43.751506986205));
#4827=CARTESIAN_POINT('',(181.671095222847,-284.138376168962,42.751506986205));
#4828=CARTESIAN_POINT('Origin',(181.671095222847,-273.593239536517,42.751506986205));
#4829=CARTESIAN_POINT('',(181.671095222847,-273.593239536517,39.751506986205));
#4830=CARTESIAN_POINT('',(181.671095222847,-263.630498182568,39.751506986205));
#4831=CARTESIAN_POINT('',(181.671095222847,-273.593239536517,43.751506986205));
#4832=CARTESIAN_POINT('',(181.671095222847,-263.630498182568,43.751506986205));
#4833=CARTESIAN_POINT('',(181.671095222847,-273.593239536517,42.751506986205));
#4834=CARTESIAN_POINT('Origin',(171.551867555482,-273.593239536517,42.751506986205));
#4835=CARTESIAN_POINT('',(165.301867555482,-273.593239536517,39.751506986205));
#4836=CARTESIAN_POINT('',(165.301867555482,-273.593239536517,43.751506986205));
#4837=CARTESIAN_POINT('Origin',(171.551867555482,-253.593239536517,42.751506986205));
#4838=CARTESIAN_POINT('',(171.551867555482,-243.593239536517,39.751506986205));
#4839=CARTESIAN_POINT('',(171.551867555482,-253.593239536517,39.751506986205));
#4840=CARTESIAN_POINT('',(171.551867555482,-253.630498182568,39.751506986205));
#4841=CARTESIAN_POINT('',(171.551867555482,-243.593239536517,43.751506986205));
#4842=CARTESIAN_POINT('',(171.551867555482,-243.593239536517,42.751506986205));
#4843=CARTESIAN_POINT('',(171.551867555482,-253.593239536517,43.751506986205));
#4844=CARTESIAN_POINT('',(171.551867555482,-253.630498182568,43.751506986205));
#4845=CARTESIAN_POINT('',(171.551867555482,-253.593239536517,42.751506986205));
#4846=CARTESIAN_POINT('Origin',(181.551867555482,-253.593239536517,42.751506986205));
#4847=CARTESIAN_POINT('',(181.551867555482,-253.593239536517,39.751506986205));
#4848=CARTESIAN_POINT('',(170.301867555482,-253.593239536517,39.751506986205));
#4849=CARTESIAN_POINT('',(181.551867555482,-253.593239536517,43.751506986205));
#4850=CARTESIAN_POINT('',(170.301867555482,-253.593239536517,43.751506986205));
#4851=CARTESIAN_POINT('',(181.551867555482,-253.593239536517,42.751506986205));
#4852=CARTESIAN_POINT('Origin',(181.551867555482,-243.593239536517,42.751506986205));
#4853=CARTESIAN_POINT('',(181.551867555482,-243.593239536517,39.751506986205));
#4854=CARTESIAN_POINT('',(181.551867555482,-248.630498182568,39.751506986205));
#4855=CARTESIAN_POINT('',(181.551867555482,-243.593239536517,43.751506986205));
#4856=CARTESIAN_POINT('',(181.551867555482,-248.630498182568,43.751506986205));
#4857=CARTESIAN_POINT('',(181.551867555482,-243.593239536517,42.751506986205));
#4858=CARTESIAN_POINT('Origin',(171.551867555482,-243.593239536517,42.751506986205));
#4859=CARTESIAN_POINT('',(165.301867555482,-243.593239536517,39.751506986205));
#4860=CARTESIAN_POINT('',(165.301867555482,-243.593239536517,43.751506986205));
#4861=CARTESIAN_POINT('Origin',(146.551867555482,-268.593239536517,42.751506986205));
#4862=CARTESIAN_POINT('',(146.551867555482,-258.593239536517,39.751506986205));
#4863=CARTESIAN_POINT('',(146.551867555482,-268.593239536517,39.751506986205));
#4864=CARTESIAN_POINT('',(146.551867555482,-261.130498182568,39.751506986205));
#4865=CARTESIAN_POINT('',(146.551867555482,-258.593239536517,43.751506986205));
#4866=CARTESIAN_POINT('',(146.551867555482,-258.593239536517,42.751506986205));
#4867=CARTESIAN_POINT('',(146.551867555482,-268.593239536517,43.751506986205));
#4868=CARTESIAN_POINT('',(146.551867555482,-261.130498182568,43.751506986205));
#4869=CARTESIAN_POINT('',(146.551867555482,-268.593239536517,42.751506986205));
#4870=CARTESIAN_POINT('Origin',(156.551867555482,-268.593239536517,42.751506986205));
#4871=CARTESIAN_POINT('',(156.551867555482,-268.593239536517,39.751506986205));
#4872=CARTESIAN_POINT('',(157.801867555482,-268.593239536517,39.751506986205));
#4873=CARTESIAN_POINT('',(156.551867555482,-268.593239536517,43.751506986205));
#4874=CARTESIAN_POINT('',(157.801867555482,-268.593239536517,43.751506986205));
#4875=CARTESIAN_POINT('',(156.551867555482,-268.593239536517,42.751506986205));
#4876=CARTESIAN_POINT('Origin',(156.551867555482,-258.593239536517,42.751506986205));
#4877=CARTESIAN_POINT('',(156.551867555482,-258.593239536517,39.751506986205));
#4878=CARTESIAN_POINT('',(156.551867555482,-256.130498182568,39.751506986205));
#4879=CARTESIAN_POINT('',(156.551867555482,-258.593239536517,43.751506986205));
#4880=CARTESIAN_POINT('',(156.551867555482,-256.130498182568,43.751506986205));
#4881=CARTESIAN_POINT('',(156.551867555482,-258.593239536517,42.751506986205));
#4882=CARTESIAN_POINT('Origin',(146.551867555482,-258.593239536517,42.751506986205));
#4883=CARTESIAN_POINT('',(152.801867555482,-258.593239536517,39.751506986205));
#4884=CARTESIAN_POINT('',(152.801867555482,-258.593239536517,43.751506986205));
#4885=CARTESIAN_POINT('Origin',(146.551867555482,-253.593239536517,42.751506986205));
#4886=CARTESIAN_POINT('',(146.551867555482,-243.593239536517,39.751506986205));
#4887=CARTESIAN_POINT('',(146.551867555482,-253.593239536517,39.751506986205));
#4888=CARTESIAN_POINT('',(146.551867555482,-253.630498182568,39.751506986205));
#4889=CARTESIAN_POINT('',(146.551867555482,-243.593239536517,43.751506986205));
#4890=CARTESIAN_POINT('',(146.551867555482,-243.593239536517,42.751506986205));
#4891=CARTESIAN_POINT('',(146.551867555482,-253.593239536517,43.751506986205));
#4892=CARTESIAN_POINT('',(146.551867555482,-253.630498182568,43.751506986205));
#4893=CARTESIAN_POINT('',(146.551867555482,-253.593239536517,42.751506986205));
#4894=CARTESIAN_POINT('Origin',(156.551867555482,-253.593239536517,42.751506986205));
#4895=CARTESIAN_POINT('',(156.551867555482,-253.593239536517,39.751506986205));
#4896=CARTESIAN_POINT('',(157.801867555482,-253.593239536517,39.751506986205));
#4897=CARTESIAN_POINT('',(156.551867555482,-253.593239536517,43.751506986205));
#4898=CARTESIAN_POINT('',(157.801867555482,-253.593239536517,43.751506986205));
#4899=CARTESIAN_POINT('',(156.551867555482,-253.593239536517,42.751506986205));
#4900=CARTESIAN_POINT('Origin',(156.551867555482,-243.593239536517,42.751506986205));
#4901=CARTESIAN_POINT('',(156.551867555482,-243.593239536517,39.751506986205));
#4902=CARTESIAN_POINT('',(156.551867555482,-248.630498182568,39.751506986205));
#4903=CARTESIAN_POINT('',(156.551867555482,-243.593239536517,43.751506986205));
#4904=CARTESIAN_POINT('',(156.551867555482,-248.630498182568,43.751506986205));
#4905=CARTESIAN_POINT('',(156.551867555482,-243.593239536517,42.751506986205));
#4906=CARTESIAN_POINT('Origin',(146.551867555482,-243.593239536517,42.751506986205));
#4907=CARTESIAN_POINT('',(152.801867555482,-243.593239536517,39.751506986205));
#4908=CARTESIAN_POINT('',(152.801867555482,-243.593239536517,43.751506986205));
#4909=CARTESIAN_POINT('Origin',(159.238547585771,-223.593239536517,42.751506986205));
#4910=CARTESIAN_POINT('',(159.238547585771,-213.593239536517,39.751506986205));
#4911=CARTESIAN_POINT('',(159.238547585771,-223.593239536517,39.751506986205));
#4912=CARTESIAN_POINT('',(159.238547585771,-238.630498182568,39.751506986205));
#4913=CARTESIAN_POINT('',(159.238547585771,-213.593239536517,43.751506986205));
#4914=CARTESIAN_POINT('',(159.238547585771,-213.593239536517,42.751506986205));
#4915=CARTESIAN_POINT('',(159.238547585771,-223.593239536517,43.751506986205));
#4916=CARTESIAN_POINT('',(159.238547585771,-238.630498182568,43.751506986205));
#4917=CARTESIAN_POINT('',(159.238547585771,-223.593239536517,42.751506986205));
#4918=CARTESIAN_POINT('Origin',(169.557519498826,-223.593239536517,42.751506986205));
#4919=CARTESIAN_POINT('',(169.557519498826,-223.593239536517,39.751506986205));
#4920=CARTESIAN_POINT('',(164.304693527154,-223.593239536517,39.751506986205));
#4921=CARTESIAN_POINT('',(169.557519498826,-223.593239536517,43.751506986205));
#4922=CARTESIAN_POINT('',(164.304693527154,-223.593239536517,43.751506986205));
#4923=CARTESIAN_POINT('',(169.557519498826,-223.593239536517,42.751506986205));
#4924=CARTESIAN_POINT('Origin',(169.557519498826,-213.593239536517,42.751506986205));
#4925=CARTESIAN_POINT('',(169.557519498826,-213.593239536517,39.751506986205));
#4926=CARTESIAN_POINT('',(169.557519498826,-233.630498182568,39.751506986205));
#4927=CARTESIAN_POINT('',(169.557519498826,-213.593239536517,43.751506986205));
#4928=CARTESIAN_POINT('',(169.557519498826,-233.630498182568,43.751506986205));
#4929=CARTESIAN_POINT('',(169.557519498826,-213.593239536517,42.751506986205));
#4930=CARTESIAN_POINT('Origin',(159.238547585771,-213.593239536517,42.751506986205));
#4931=CARTESIAN_POINT('',(159.145207570626,-213.593239536517,39.751506986205));
#4932=CARTESIAN_POINT('',(159.145207570626,-213.593239536517,43.751506986205));
#4933=CARTESIAN_POINT('Origin',(171.551867555482,-238.593239536517,42.751506986205));
#4934=CARTESIAN_POINT('',(171.551867555482,-228.593239536517,39.751506986205));
#4935=CARTESIAN_POINT('',(171.551867555482,-238.593239536517,39.751506986205));
#4936=CARTESIAN_POINT('',(171.551867555482,-246.130498182568,39.751506986205));
#4937=CARTESIAN_POINT('',(171.551867555482,-228.593239536517,43.751506986205));
#4938=CARTESIAN_POINT('',(171.551867555482,-228.593239536517,42.751506986205));
#4939=CARTESIAN_POINT('',(171.551867555482,-238.593239536517,43.751506986205));
#4940=CARTESIAN_POINT('',(171.551867555482,-246.130498182568,43.751506986205));
#4941=CARTESIAN_POINT('',(171.551867555482,-238.593239536517,42.751506986205));
#4942=CARTESIAN_POINT('Origin',(181.551867555482,-238.593239536517,42.751506986205));
#4943=CARTESIAN_POINT('',(181.551867555482,-238.593239536517,39.751506986205));
#4944=CARTESIAN_POINT('',(170.301867555482,-238.593239536517,39.751506986205));
#4945=CARTESIAN_POINT('',(181.551867555482,-238.593239536517,43.751506986205));
#4946=CARTESIAN_POINT('',(170.301867555482,-238.593239536517,43.751506986205));
#4947=CARTESIAN_POINT('',(181.551867555482,-238.593239536517,42.751506986205));
#4948=CARTESIAN_POINT('Origin',(181.551867555482,-228.593239536517,42.751506986205));
#4949=CARTESIAN_POINT('',(181.551867555482,-228.593239536517,39.751506986205));
#4950=CARTESIAN_POINT('',(181.551867555482,-241.130498182568,39.751506986205));
#4951=CARTESIAN_POINT('',(181.551867555482,-228.593239536517,43.751506986205));
#4952=CARTESIAN_POINT('',(181.551867555482,-241.130498182568,43.751506986205));
#4953=CARTESIAN_POINT('',(181.551867555482,-228.593239536517,42.751506986205));
#4954=CARTESIAN_POINT('Origin',(171.551867555482,-228.593239536517,42.751506986205));
#4955=CARTESIAN_POINT('',(165.301867555482,-228.593239536517,39.751506986205));
#4956=CARTESIAN_POINT('',(165.301867555482,-228.593239536517,43.751506986205));
#4957=CARTESIAN_POINT('Origin',(121.551867555482,-203.593239536517,39.751506986205));
#4958=CARTESIAN_POINT('',(121.551867555482,-303.742274120723,39.751506986205));
#4959=CARTESIAN_POINT('',(121.551867555482,-203.593239536517,39.751506986205));
#4960=CARTESIAN_POINT('',(121.551867555482,-303.742274120723,39.751506986205));
#4961=CARTESIAN_POINT('',(121.551867555482,-303.742274120723,43.751506986205));
#4962=CARTESIAN_POINT('',(121.551867555482,-303.742274120723,39.751506986205));
#4963=CARTESIAN_POINT('',(121.551867555482,-203.593239536517,43.751506986205));
#4964=CARTESIAN_POINT('',(121.551867555482,-303.742274120723,43.751506986205));
#4965=CARTESIAN_POINT('',(121.551867555482,-203.593239536517,39.751506986205));
#4966=CARTESIAN_POINT('Origin',(196.551867555482,-203.593239536517,39.751506986205));
#4967=CARTESIAN_POINT('',(196.551867555482,-203.593239536517,39.751506986205));
#4968=CARTESIAN_POINT('',(121.551867555482,-203.593239536517,39.751506986205));
#4969=CARTESIAN_POINT('',(196.551867555482,-203.593239536517,43.751506986205));
#4970=CARTESIAN_POINT('',(121.551867555482,-203.593239536517,43.751506986205));
#4971=CARTESIAN_POINT('',(196.551867555482,-203.593239536517,39.751506986205));
#4972=CARTESIAN_POINT('Origin',(196.551867555482,-303.742274120723,39.751506986205));
#4973=CARTESIAN_POINT('',(196.551867555482,-303.742274120723,39.751506986205));
#4974=CARTESIAN_POINT('',(196.551867555482,-203.593239536517,39.751506986205));
#4975=CARTESIAN_POINT('',(196.551867555482,-303.742274120723,43.751506986205));
#4976=CARTESIAN_POINT('',(196.551867555482,-203.593239536517,43.751506986205));
#4977=CARTESIAN_POINT('',(196.551867555482,-303.742274120723,39.751506986205));
#4978=CARTESIAN_POINT('Origin',(121.551867555482,-303.742274120723,39.751506986205));
#4979=CARTESIAN_POINT('',(196.551867555482,-303.742274120723,39.751506986205));
#4980=CARTESIAN_POINT('',(196.551867555482,-303.742274120723,43.751506986205));
#4981=CARTESIAN_POINT('Origin',(159.051867555482,-253.66775682862,43.751506986205));
#4982=CARTESIAN_POINT('Origin',(159.051867555482,-253.66775682862,39.751506986205));
#4983=UNCERTAINTY_MEASURE_WITH_UNIT(LENGTH_MEASURE(0.01),#4987,
'DISTANCE_ACCURACY_VALUE',
'Maximum model space distance between geometric entities at asserted c
onnectivities');
#4984=UNCERTAINTY_MEASURE_WITH_UNIT(LENGTH_MEASURE(0.01),#4987,
'DISTANCE_ACCURACY_VALUE',
'Maximum model space distance between geometric entities at asserted c
onnectivities');
#4985=(
GEOMETRIC_REPRESENTATION_CONTEXT(3)
GLOBAL_UNCERTAINTY_ASSIGNED_CONTEXT((#4983))
GLOBAL_UNIT_ASSIGNED_CONTEXT((#4987,#4989,#4990))
REPRESENTATION_CONTEXT('','3D')
);
#4986=(
GEOMETRIC_REPRESENTATION_CONTEXT(3)
GLOBAL_UNCERTAINTY_ASSIGNED_CONTEXT((#4984))
GLOBAL_UNIT_ASSIGNED_CONTEXT((#4987,#4989,#4990))
REPRESENTATION_CONTEXT('','3D')
);
#4987=(
LENGTH_UNIT()
NAMED_UNIT(*)
SI_UNIT(.MILLI.,.METRE.)
);
#4988=(
LENGTH_UNIT()
NAMED_UNIT(*)
SI_UNIT($,.METRE.)
);
#4989=(
NAMED_UNIT(*)
PLANE_ANGLE_UNIT()
SI_UNIT($,.RADIAN.)
);
#4990=(
NAMED_UNIT(*)
SI_UNIT($,.STERADIAN.)
SOLID_ANGLE_UNIT()
);
#4991=SHAPE_DEFINITION_REPRESENTATION(#4992,#4993);
#4992=PRODUCT_DEFINITION_SHAPE('',$,#4995);
#4993=SHAPE_REPRESENTATION('',(#3118),#4985);
#4994=PRODUCT_DEFINITION_CONTEXT('part definition',#4999,'design');
#4995=PRODUCT_DEFINITION('2026-08-22-00-35-13-789','middle_macropad',#4996,
#4994);
#4996=PRODUCT_DEFINITION_FORMATION('',$,#5001);
#4997=PRODUCT_RELATED_PRODUCT_CATEGORY('middle_macropad',
'middle_macropad',(#5001));
#4998=APPLICATION_PROTOCOL_DEFINITION('international standard',
'automotive_design',2009,#4999);
#4999=APPLICATION_CONTEXT(
'Core Data for Automotive Mechanical Design Process');
#5000=PRODUCT_CONTEXT('part definition',#4999,'mechanical');
#5001=PRODUCT('2026-08-22-00-35-13-789','middle_macropad',$,(#5000));
#5002=PRESENTATION_STYLE_ASSIGNMENT((#5003));
#5003=SURFACE_STYLE_USAGE(.BOTH.,#5004);
#5004=SURFACE_SIDE_STYLE('',(#5005));
#5005=SURFACE_STYLE_FILL_AREA(#5006);
#5006=FILL_AREA_STYLE('Steel - Satin',(#5007));
#5007=FILL_AREA_STYLE_COLOUR('Steel - Satin',#5008);
#5008=COLOUR_RGB('Steel - Satin',0.627450980392157,0.627450980392157,0.627450980392157);
ENDSEC;
END-ISO-10303-21;
